Asset ID,Asset Name,Category,Type,Location,OEM,Purchase Year,Serial Number,Part Number,Quantity,Status
HW0001,Router 1,Network,Router,Warehouse,MikroTik,2023,SN-100001,PN-200001,19,maintenance
HW0002,Cabinet 2,Furniture,Cabinet,HQ,Steelcase,2018,SN-100002,PN-200002,8,in use
HW0003,Firewall 3,Network,Firewall,Data Center,Fortinet,2020,SN-100003,PN-200003,16,in use
HW0004,Television 4,Electronics,Television,Office A,Samsung,2019,SN-100004,PN-200004,20,maintenance
HW0005,UPS 5,Hardware,UPS,Room 2,APC,2022,SN-100005,PN-200005,12,maintenance
HW0006,Switch 6,Hardware,Switch,Office B,Cisco,2021,SN-100006,PN-200006,13,in use
HW0007,Access Point 7,Network,Access Point,Office A,Ubiquiti,2018,SN-100007,PN-200007,1,in use
HW0008,Server 8,Hardware,Server,Room 2,Dell,2025,SN-100008,PN-200008,11,available
HW0009,Motorcycle 9,Vehicle,Motorcycle,HQ,Honda,2023,SN-100009,PN-200009,10,available
HW0010,Office Chair 10,Furniture,Office Chair,Warehouse,IKEA,2019,SN-100010,PN-200010,2,disposed
HW0011,Van 11,Vehicle,Van,Office B,Nissan,2016,SN-100011,PN-200011,20,in use
HW0012,Van 12,Vehicle,Van,Room 3,Nissan,2024,SN-100012,PN-200012,16,reserved
HW0013,Laptop 13,Hardware,Laptop,Office B,Lenovo,2017,SN-100013,PN-200013,11,reserved
HW0014,Camera 14,Electronics,Camera,Branch A,Sony,2019,SN-100014,PN-200014,18,reserved
HW0015,Van 15,Vehicle,Van,Data Center,Nissan,2025,SN-100015,PN-200015,10,reserved
HW0016,Motorcycle 16,Vehicle,Motorcycle,Branch B,Honda,2019,SN-100016,PN-200016,5,in use
HW0017,Firewall 17,Hardware,Firewall,Room 2,Fortinet,2025,SN-100017,PN-200017,1,maintenance
HW0018,Meeting Table 18,Furniture,Meeting Table,Office B,IKEA,2025,SN-100018,PN-200018,10,reserved
HW0019,Switch 19,Hardware,Switch,Branch A,Cisco,2024,SN-100019,PN-200019,3,disposed
HW0020,Desk 20,Furniture,Desk,Branch B,IKEA,2020,SN-100020,PN-200020,19,reserved
HW0021,Office Chair 21,Furniture,Office Chair,Room 3,IKEA,2020,SN-100021,PN-200021,3,maintenance
HW0022,Motorcycle 22,Vehicle,Motorcycle,Branch A,Honda,2024,SN-100022,PN-200022,12,disposed
HW0023,Van 23,Vehicle,Van,HQ,Nissan,2022,SN-100023,PN-200023,4,disposed
HW0024,Scanner 24,Electronics,Scanner,HQ,Canon,2019,SN-100024,PN-200024,16,available
HW0025,Router 25,Network,Router,HQ,MikroTik,2023,SN-100025,PN-200025,3,in use
HW0026,Access Point 26,Network,Access Point,Data Center,Ubiquiti,2018,SN-100026,PN-200026,2,reserved
HW0027,Laptop 27,Hardware,Laptop,HQ,Lenovo,2020,SN-100027,PN-200027,12,disposed
HW0028,Switch 28,Network,Switch,Warehouse,Cisco,2022,SN-100028,PN-200028,8,disposed
HW0029,Access Point 29,Network,Access Point,Room 1,Ubiquiti,2016,SN-100029,PN-200029,7,in use
HW0030,Desk 30,Furniture,Desk,Office A,IKEA,2022,SN-100030,PN-200030,5,reserved
HW0031,Desktop 31,Hardware,Desktop,Data Center,HP,2018,SN-100031,PN-200031,10,reserved
HW0032,Access Point 32,Network,Access Point,HQ,Ubiquiti,2021,SN-100032,PN-200032,7,available
HW0033,Desk 33,Furniture,Desk,Branch A,IKEA,2022,SN-100033,PN-200033,4,in use
HW0034,Cabinet 34,Furniture,Cabinet,Office B,Steelcase,2019,SN-100034,PN-200034,1,maintenance
HW0035,Car 35,Vehicle,Car,Warehouse,Toyota,2019,SN-100035,PN-200035,9,available
HW0036,Meeting Table 36,Furniture,Meeting Table,Room 1,IKEA,2019,SN-100036,PN-200036,15,disposed
HW0037,Printer 37,Hardware,Printer,Room 3,Canon,2017,SN-100037,PN-200037,19,available
HW0038,Motorcycle 38,Vehicle,Motorcycle,Data Center,Honda,2023,SN-100038,PN-200038,7,reserved
HW0039,Desktop 39,Hardware,Desktop,Room 3,HP,2023,SN-100039,PN-200039,5,disposed
HW0040,Office Chair 40,Furniture,Office Chair,Branch A,IKEA,2022,SN-100040,PN-200040,12,in use
HW0041,Van 41,Vehicle,Van,Data Center,Nissan,2016,SN-100041,PN-200041,9,disposed
HW0042,Router 42,Hardware,Router,Office B,Cisco,2018,SN-100042,PN-200042,17,in use
HW0043,Scanner 43,Electronics,Scanner,Branch A,Canon,2024,SN-100043,PN-200043,10,reserved
HW0044,Desk 44,Furniture,Desk,Room 2,IKEA,2025,SN-100044,PN-200044,8,disposed
HW0045,Television 45,Electronics,Television,Room 2,Samsung,2024,SN-100045,PN-200045,8,available
HW0046,Office Chair 46,Furniture,Office Chair,Branch A,IKEA,2022,SN-100046,PN-200046,6,in use
HW0047,Desk 47,Furniture,Desk,Branch B,IKEA,2018,SN-100047,PN-200047,6,maintenance
HW0048,Router 48,Network,Router,Office A,MikroTik,2019,SN-100048,PN-200048,7,available
HW0049,Cabinet 49,Furniture,Cabinet,Warehouse,Steelcase,2021,SN-100049,PN-200049,11,in use
HW0050,Desk 50,Furniture,Desk,Data Center,IKEA,2016,SN-100050,PN-200050,5,disposed
HW0051,Television 51,Electronics,Television,Data Center,Samsung,2020,SN-100051,PN-200051,12,maintenance
HW0052,Office Chair 52,Furniture,Office Chair,Branch A,IKEA,2021,SN-100052,PN-200052,9,maintenance
HW0053,Router 53,Network,Router,Room 3,MikroTik,2024,SN-100053,PN-200053,2,in use
HW0054,Camera 54,Electronics,Camera,Warehouse,Sony,2016,SN-100054,PN-200054,3,available
HW0055,Motorcycle 55,Vehicle,Motorcycle,Room 1,Honda,2019,SN-100055,PN-200055,18,maintenance
HW0056,Meeting Table 56,Furniture,Meeting Table,Warehouse,IKEA,2025,SN-100056,PN-200056,14,maintenance
HW0057,Car 57,Vehicle,Car,Branch B,Toyota,2023,SN-100057,PN-200057,18,in use
HW0058,Desk 58,Furniture,Desk,Room 2,IKEA,2016,SN-100058,PN-200058,6,in use
HW0059,Server 59,Hardware,Server,HQ,Dell,2017,SN-100059,PN-200059,15,maintenance
HW0060,Monitor 60,Hardware,Monitor,Branch B,Samsung,2018,SN-100060,PN-200060,2,maintenance
HW0061,Monitor 61,Hardware,Monitor,Office A,Samsung,2017,SN-100061,PN-200061,4,disposed
HW0062,Motorcycle 62,Vehicle,Motorcycle,Room 1,Honda,2018,SN-100062,PN-200062,9,reserved
HW0063,Meeting Table 63,Furniture,Meeting Table,Warehouse,IKEA,2024,SN-100063,PN-200063,8,in use
HW0064,Desktop 64,Hardware,Desktop,Data Center,HP,2025,SN-100064,PN-200064,17,maintenance
HW0065,Motorcycle 65,Vehicle,Motorcycle,HQ,Honda,2020,SN-100065,PN-200065,10,in use
HW0066,Projector 66,Electronics,Projector,Room 3,Epson,2023,SN-100066,PN-200066,17,in use
HW0067,Router 67,Network,Router,Room 1,MikroTik,2017,SN-100067,PN-200067,1,disposed
HW0068,Scanner 68,Electronics,Scanner,Office B,Canon,2022,SN-100068,PN-200068,1,in use
HW0069,Switch 69,Network,Switch,Room 3,Cisco,2023,SN-100069,PN-200069,6,reserved
HW0070,Router 70,Network,Router,Room 1,MikroTik,2021,SN-100070,PN-200070,19,available
HW0071,Office Chair 71,Furniture,Office Chair,Branch A,IKEA,2019,SN-100071,PN-200071,19,available
HW0072,Projector 72,Electronics,Projector,Room 2,Epson,2020,SN-100072,PN-200072,16,maintenance
HW0073,Office Chair 73,Furniture,Office Chair,Room 3,IKEA,2024,SN-100073,PN-200073,18,in use
HW0074,Switch 74,Network,Switch,Room 1,Cisco,2019,SN-100074,PN-200074,10,available
HW0075,Car 75,Vehicle,Car,Room 3,Toyota,2022,SN-100075,PN-200075,17,disposed
HW0076,Router 76,Network,Router,Branch A,MikroTik,2017,SN-100076,PN-200076,16,in use
HW0077,Cabinet 77,Furniture,Cabinet,Room 3,Steelcase,2016,SN-100077,PN-200077,10,maintenance
HW0078,Firewall 78,Network,Firewall,HQ,Fortinet,2019,SN-100078,PN-200078,11,disposed
HW0079,Meeting Table 79,Furniture,Meeting Table,Office B,IKEA,2021,SN-100079,PN-200079,20,reserved
HW0080,Cabinet 80,Furniture,Cabinet,Room 1,Steelcase,2018,SN-100080,PN-200080,3,disposed
HW0081,Cabinet 81,Furniture,Cabinet,Data Center,Steelcase,2019,SN-100081,PN-200081,2,maintenance
HW0082,Camera 82,Electronics,Camera,Warehouse,Sony,2025,SN-100082,PN-200082,5,available
HW0083,Router 83,Hardware,Router,Room 2,Cisco,2016,SN-100083,PN-200083,14,in use
HW0084,Car 84,Vehicle,Car,Branch A,Toyota,2023,SN-100084,PN-200084,16,available
HW0085,Firewall 85,Hardware,Firewall,Room 2,Fortinet,2018,SN-100085,PN-200085,14,available
HW0086,Router 86,Network,Router,Branch B,MikroTik,2018,SN-100086,PN-200086,8,disposed
HW0087,Motorcycle 87,Vehicle,Motorcycle,Branch B,Honda,2025,SN-100087,PN-200087,7,reserved
HW0088,Camera 88,Electronics,Camera,Branch A,Sony,2020,SN-100088,PN-200088,15,available
HW0089,Router 89,Network,Router,Room 1,MikroTik,2020,SN-100089,PN-200089,17,in use
HW0090,Meeting Table 90,Furniture,Meeting Table,Room 2,IKEA,2021,SN-100090,PN-200090,16,in use
HW0091,Camera 91,Electronics,Camera,Data Center,Sony,2016,SN-100091,PN-200091,15,reserved
HW0092,Router 92,Network,Router,Warehouse,MikroTik,2022,SN-100092,PN-200092,13,disposed
HW0093,Router 93,Hardware,Router,Office A,Cisco,2017,SN-100093,PN-200093,14,disposed
HW0094,Van 94,Vehicle,Van,HQ,Nissan,2019,SN-100094,PN-200094,9,disposed
HW0095,Meeting Table 95,Furniture,Meeting Table,Data Center,IKEA,2022,SN-100095,PN-200095,20,available
HW0096,Television 96,Electronics,Television,HQ,Samsung,2016,SN-100096,PN-200096,14,reserved
HW0097,Projector 97,Electronics,Projector,Office A,Epson,2017,SN-100097,PN-200097,10,in use
HW0098,Cabinet 98,Furniture,Cabinet,Warehouse,Steelcase,2016,SN-100098,PN-200098,18,reserved
HW0099,Meeting Table 99,Furniture,Meeting Table,Warehouse,IKEA,2025,SN-100099,PN-200099,4,available
HW0100,Van 100,Vehicle,Van,Warehouse,Nissan,2022,SN-100100,PN-200100,16,reserved
HW0101,Desktop 101,Hardware,Desktop,Room 3,HP,2018,SN-100101,PN-200101,12,maintenance
HW0102,Laptop 102,Hardware,Laptop,Room 3,Lenovo,2021,SN-100102,PN-200102,19,maintenance
HW0103,Projector 103,Electronics,Projector,Branch B,Epson,2018,SN-100103,PN-200103,5,disposed
HW0104,Projector 104,Electronics,Projector,Room 2,Epson,2021,SN-100104,PN-200104,7,available
HW0105,Router 105,Network,Router,Branch A,MikroTik,2023,SN-100105,PN-200105,14,in use
HW0106,Access Point 106,Network,Access Point,Room 1,Ubiquiti,2016,SN-100106,PN-200106,5,available
HW0107,UPS 107,Hardware,UPS,Branch A,APC,2022,SN-100107,PN-200107,11,reserved
HW0108,Car 108,Vehicle,Car,Office A,Toyota,2021,SN-100108,PN-200108,9,disposed
HW0109,Office Chair 109,Furniture,Office Chair,Warehouse,IKEA,2025,SN-100109,PN-200109,20,reserved
HW0110,Router 110,Network,Router,Branch B,MikroTik,2025,SN-100110,PN-200110,10,reserved
HW0111,Router 111,Network,Router,Room 2,MikroTik,2020,SN-100111,PN-200111,20,reserved
HW0112,Desk 112,Furniture,Desk,Room 3,IKEA,2021,SN-100112,PN-200112,5,reserved
HW0113,Router 113,Network,Router,Office A,MikroTik,2016,SN-100113,PN-200113,7,disposed
HW0114,Projector 114,Electronics,Projector,Room 3,Epson,2024,SN-100114,PN-200114,3,available
HW0115,Camera 115,Electronics,Camera,Office B,Sony,2018,SN-100115,PN-200115,7,available
HW0116,Van 116,Vehicle,Van,Office A,Nissan,2018,SN-100116,PN-200116,5,in use
HW0117,Switch 117,Network,Switch,Data Center,Cisco,2025,SN-100117,PN-200117,2,disposed
HW0118,Scanner 118,Electronics,Scanner,Room 1,Canon,2016,SN-100118,PN-200118,15,in use
HW0119,Projector 119,Electronics,Projector,Branch A,Epson,2020,SN-100119,PN-200119,9,maintenance
HW0120,Scanner 120,Electronics,Scanner,HQ,Canon,2023,SN-100120,PN-200120,3,available
HW0121,Projector 121,Electronics,Projector,Room 3,Epson,2023,SN-100121,PN-200121,9,maintenance
HW0122,Scanner 122,Electronics,Scanner,Office B,Canon,2022,SN-100122,PN-200122,5,in use
HW0123,Access Point 123,Network,Access Point,Branch A,Ubiquiti,2019,SN-100123,PN-200123,4,in use
HW0124,Office Chair 124,Furniture,Office Chair,Room 3,IKEA,2022,SN-100124,PN-200124,17,available
HW0125,Car 125,Vehicle,Car,Warehouse,Toyota,2023,SN-100125,PN-200125,16,disposed
HW0126,Motorcycle 126,Vehicle,Motorcycle,Room 1,Honda,2024,SN-100126,PN-200126,17,available
HW0127,Car 127,Vehicle,Car,Office B,Toyota,2019,SN-100127,PN-200127,9,available
HW0128,Car 128,Vehicle,Car,Data Center,Toyota,2017,SN-100128,PN-200128,8,in use
HW0129,UPS 129,Hardware,UPS,Office A,APC,2022,SN-100129,PN-200129,5,reserved
HW0130,Cabinet 130,Furniture,Cabinet,Office A,Steelcase,2021,SN-100130,PN-200130,10,available
HW0131,Printer 131,Hardware,Printer,Office B,Canon,2023,SN-100131,PN-200131,1,maintenance
HW0132,Scanner 132,Electronics,Scanner,Room 2,Canon,2024,SN-100132,PN-200132,8,in use
HW0133,Switch 133,Network,Switch,Room 1,Cisco,2025,SN-100133,PN-200133,10,in use
HW0134,Desktop 134,Hardware,Desktop,HQ,HP,2018,SN-100134,PN-200134,11,reserved
HW0135,Projector 135,Electronics,Projector,HQ,Epson,2022,SN-100135,PN-200135,20,maintenance
HW0136,Cabinet 136,Furniture,Cabinet,Office A,Steelcase,2022,SN-100136,PN-200136,12,available
HW0137,Car 137,Vehicle,Car,Branch B,Toyota,2021,SN-100137,PN-200137,17,in use
HW0138,Van 138,Vehicle,Van,Room 1,Nissan,2025,SN-100138,PN-200138,10,maintenance
HW0139,Switch 139,Hardware,Switch,Room 1,Cisco,2022,SN-100139,PN-200139,12,reserved
HW0140,UPS 140,Hardware,UPS,Office A,APC,2019,SN-100140,PN-200140,16,reserved
HW0141,Van 141,Vehicle,Van,Branch A,Nissan,2016,SN-100141,PN-200141,1,in use
HW0142,Cabinet 142,Furniture,Cabinet,Room 3,Steelcase,2022,SN-100142,PN-200142,1,available
HW0143,Monitor 143,Hardware,Monitor,Room 1,Samsung,2016,SN-100143,PN-200143,20,disposed
HW0144,Office Chair 144,Furniture,Office Chair,Data Center,IKEA,2016,SN-100144,PN-200144,5,maintenance
HW0145,Motorcycle 145,Vehicle,Motorcycle,Office A,Honda,2020,SN-100145,PN-200145,18,disposed
HW0146,Firewall 146,Network,Firewall,Office A,Fortinet,2018,SN-100146,PN-200146,4,reserved
HW0147,Desk 147,Furniture,Desk,Office A,IKEA,2022,SN-100147,PN-200147,18,in use
HW0148,Access Point 148,Network,Access Point,Office A,Ubiquiti,2025,SN-100148,PN-200148,18,disposed
HW0149,Switch 149,Hardware,Switch,Office A,Cisco,2022,SN-100149,PN-200149,5,reserved
HW0150,Motorcycle 150,Vehicle,Motorcycle,Room 1,Honda,2020,SN-100150,PN-200150,9,disposed
HW0151,Projector 151,Electronics,Projector,Office B,Epson,2017,SN-100151,PN-200151,20,disposed
HW0152,Projector 152,Electronics,Projector,Office B,Epson,2025,SN-100152,PN-200152,12,maintenance
HW0153,Desk 153,Furniture,Desk,Data Center,IKEA,2019,SN-100153,PN-200153,10,maintenance
HW0154,Desk 154,Furniture,Desk,Branch A,IKEA,2024,SN-100154,PN-200154,15,maintenance
HW0155,Car 155,Vehicle,Car,Office B,Toyota,2016,SN-100155,PN-200155,9,in use
HW0156,Switch 156,Network,Switch,Room 1,Cisco,2017,SN-100156,PN-200156,9,in use
HW0157,Router 157,Network,Router,HQ,MikroTik,2022,SN-100157,PN-200157,19,available
HW0158,Desk 158,Furniture,Desk,Data Center,IKEA,2025,SN-100158,PN-200158,4,maintenance
HW0159,Firewall 159,Network,Firewall,Office B,Fortinet,2020,SN-100159,PN-200159,13,in use
HW0160,Van 160,Vehicle,Van,Office A,Nissan,2022,SN-100160,PN-200160,2,disposed
HW0161,Meeting Table 161,Furniture,Meeting Table,Office A,IKEA,2018,SN-100161,PN-200161,1,reserved
HW0162,Projector 162,Electronics,Projector,Branch B,Epson,2019,SN-100162,PN-200162,10,in use
HW0163,Van 163,Vehicle,Van,Office B,Nissan,2018,SN-100163,PN-200163,4,reserved
HW0164,Access Point 164,Network,Access Point,Room 1,Ubiquiti,2020,SN-100164,PN-200164,1,in use
HW0165,Firewall 165,Network,Firewall,Branch A,Fortinet,2024,SN-100165,PN-200165,7,available
HW0166,Router 166,Network,Router,Room 1,MikroTik,2018,SN-100166,PN-200166,8,reserved
HW0167,Scanner 167,Electronics,Scanner,Room 1,Canon,2021,SN-100167,PN-200167,16,maintenance
HW0168,Projector 168,Electronics,Projector,Room 1,Epson,2017,SN-100168,PN-200168,7,reserved
HW0169,Firewall 169,Network,Firewall,Room 2,Fortinet,2023,SN-100169,PN-200169,20,available
HW0170,Meeting Table 170,Furniture,Meeting Table,Room 3,IKEA,2025,SN-100170,PN-200170,12,available
HW0171,Projector 171,Electronics,Projector,Room 1,Epson,2025,SN-100171,PN-200171,7,available
HW0172,Car 172,Vehicle,Car,Branch B,Toyota,2023,SN-100172,PN-200172,19,available
HW0173,Firewall 173,Network,Firewall,HQ,Fortinet,2025,SN-100173,PN-200173,9,maintenance
HW0174,Meeting Table 174,Furniture,Meeting Table,Branch B,IKEA,2021,SN-100174,PN-200174,2,available
HW0175,Monitor 175,Hardware,Monitor,Warehouse,Samsung,2019,SN-100175,PN-200175,7,reserved
HW0176,Router 176,Hardware,Router,Office B,Cisco,2022,SN-100176,PN-200176,5,disposed
HW0177,Projector 177,Electronics,Projector,Data Center,Epson,2017,SN-100177,PN-200177,19,available
HW0178,Television 178,Electronics,Television,Room 2,Samsung,2020,SN-100178,PN-200178,14,in use
HW0179,Projector 179,Electronics,Projector,Data Center,Epson,2025,SN-100179,PN-200179,5,available
HW0180,Meeting Table 180,Furniture,Meeting Table,Data Center,IKEA,2024,SN-100180,PN-200180,3,disposed
HW0181,Switch 181,Network,Switch,Office A,Cisco,2019,SN-100181,PN-200181,13,available
HW0182,Office Chair 182,Furniture,Office Chair,HQ,IKEA,2025,SN-100182,PN-200182,2,reserved
HW0183,Cabinet 183,Furniture,Cabinet,Room 3,Steelcase,2022,SN-100183,PN-200183,13,maintenance
HW0184,Router 184,Network,Router,Warehouse,MikroTik,2016,SN-100184,PN-200184,20,reserved
HW0185,Van 185,Vehicle,Van,Warehouse,Nissan,2017,SN-100185,PN-200185,6,disposed
HW0186,Router 186,Hardware,Router,Office A,Cisco,2018,SN-100186,PN-200186,8,in use
HW0187,Desk 187,Furniture,Desk,Branch B,IKEA,2022,SN-100187,PN-200187,10,available
HW0188,Desk 188,Furniture,Desk,Branch B,IKEA,2022,SN-100188,PN-200188,3,available
HW0189,Motorcycle 189,Vehicle,Motorcycle,Branch B,Honda,2023,SN-100189,PN-200189,4,in use
HW0190,Desktop 190,Hardware,Desktop,Branch B,HP,2020,SN-100190,PN-200190,10,disposed
HW0191,Switch 191,Hardware,Switch,Warehouse,Cisco,2023,SN-100191,PN-200191,18,available
HW0192,Scanner 192,Electronics,Scanner,Room 3,Canon,2019,SN-100192,PN-200192,13,available
HW0193,Car 193,Vehicle,Car,Room 2,Toyota,2021,SN-100193,PN-200193,18,available
HW0194,Cabinet 194,Furniture,Cabinet,HQ,Steelcase,2024,SN-100194,PN-200194,3,in use
HW0195,Laptop 195,Hardware,Laptop,Data Center,Lenovo,2017,SN-100195,PN-200195,14,maintenance
HW0196,Scanner 196,Electronics,Scanner,Room 1,Canon,2017,SN-100196,PN-200196,9,maintenance
HW0197,Storage 197,Hardware,Storage,Room 3,Synology,2024,SN-100197,PN-200197,14,available
HW0198,Router 198,Network,Router,Office A,MikroTik,2022,SN-100198,PN-200198,3,disposed
HW0199,Car 199,Vehicle,Car,Office B,Toyota,2021,SN-100199,PN-200199,7,disposed
HW0200,Television 200,Electronics,Television,Office A,Samsung,2020,SN-100200,PN-200200,10,reserved
HW0201,Van 201,Vehicle,Van,HQ,Nissan,2025,SN-100201,PN-200201,1,maintenance
HW0202,Desk 202,Furniture,Desk,HQ,IKEA,2019,SN-100202,PN-200202,9,reserved
HW0203,Storage 203,Hardware,Storage,Warehouse,Synology,2019,SN-100203,PN-200203,10,disposed
HW0204,Office Chair 204,Furniture,Office Chair,Room 3,IKEA,2018,SN-100204,PN-200204,12,reserved
HW0205,Meeting Table 205,Furniture,Meeting Table,Warehouse,IKEA,2019,SN-100205,PN-200205,8,maintenance
HW0206,Office Chair 206,Furniture,Office Chair,Room 3,IKEA,2018,SN-100206,PN-200206,14,available
HW0207,Switch 207,Network,Switch,HQ,Cisco,2021,SN-100207,PN-200207,2,reserved
HW0208,Switch 208,Hardware,Switch,HQ,Cisco,2022,SN-100208,PN-200208,2,reserved
HW0209,Laptop 209,Hardware,Laptop,Branch B,Lenovo,2017,SN-100209,PN-200209,17,in use
HW0210,Car 210,Vehicle,Car,Office B,Toyota,2019,SN-100210,PN-200210,8,maintenance
HW0211,Router 211,Network,Router,Branch A,MikroTik,2019,SN-100211,PN-200211,16,maintenance
HW0212,Meeting Table 212,Furniture,Meeting Table,Warehouse,IKEA,2024,SN-100212,PN-200212,16,available
HW0213,Router 213,Network,Router,Branch B,MikroTik,2019,SN-100213,PN-200213,16,disposed
HW0214,Cabinet 214,Furniture,Cabinet,Warehouse,Steelcase,2021,SN-100214,PN-200214,2,maintenance
HW0215,UPS 215,Hardware,UPS,Office A,APC,2024,SN-100215,PN-200215,19,reserved
HW0216,Camera 216,Electronics,Camera,Room 2,Sony,2023,SN-100216,PN-200216,9,in use
HW0217,Motorcycle 217,Vehicle,Motorcycle,Room 1,Honda,2021,SN-100217,PN-200217,18,reserved
HW0218,Cabinet 218,Furniture,Cabinet,Branch A,Steelcase,2019,SN-100218,PN-200218,12,available
HW0219,Firewall 219,Hardware,Firewall,Warehouse,Fortinet,2023,SN-100219,PN-200219,5,disposed
HW0220,Meeting Table 220,Furniture,Meeting Table,Office A,IKEA,2023,SN-100220,PN-200220,18,reserved
HW0221,Meeting Table 221,Furniture,Meeting Table,Office A,IKEA,2019,SN-100221,PN-200221,3,maintenance
HW0222,Switch 222,Network,Switch,Room 3,Cisco,2025,SN-100222,PN-200222,11,disposed
HW0223,Server 223,Hardware,Server,Branch B,Dell,2020,SN-100223,PN-200223,9,available
HW0224,Switch 224,Hardware,Switch,HQ,Cisco,2022,SN-100224,PN-200224,6,available
HW0225,Camera 225,Electronics,Camera,Office B,Sony,2024,SN-100225,PN-200225,19,maintenance
HW0226,Motorcycle 226,Vehicle,Motorcycle,Room 2,Honda,2025,SN-100226,PN-200226,10,in use
HW0227,Switch 227,Hardware,Switch,Room 1,Cisco,2016,SN-100227,PN-200227,19,maintenance
HW0228,Van 228,Vehicle,Van,Room 3,Nissan,2021,SN-100228,PN-200228,1,disposed
HW0229,Router 229,Hardware,Router,Branch B,Cisco,2025,SN-100229,PN-200229,8,disposed
HW0230,Desktop 230,Hardware,Desktop,Office B,HP,2025,SN-100230,PN-200230,9,reserved
HW0231,Van 231,Vehicle,Van,Office B,Nissan,2021,SN-100231,PN-200231,2,maintenance
HW0232,Projector 232,Electronics,Projector,Room 3,Epson,2021,SN-100232,PN-200232,9,disposed
HW0233,Access Point 233,Network,Access Point,Branch A,Ubiquiti,2022,SN-100233,PN-200233,3,available
HW0234,Switch 234,Network,Switch,Branch B,Cisco,2018,SN-100234,PN-200234,7,maintenance
HW0235,Server 235,Hardware,Server,Branch A,Dell,2016,SN-100235,PN-200235,14,reserved
HW0236,Camera 236,Electronics,Camera,Office B,Sony,2017,SN-100236,PN-200236,10,in use
HW0237,UPS 237,Hardware,UPS,Warehouse,APC,2018,SN-100237,PN-200237,6,disposed
HW0238,Van 238,Vehicle,Van,Branch A,Nissan,2023,SN-100238,PN-200238,10,available
HW0239,Access Point 239,Network,Access Point,Room 1,Ubiquiti,2022,SN-100239,PN-200239,10,disposed
HW0240,Car 240,Vehicle,Car,Data Center,Toyota,2017,SN-100240,PN-200240,15,maintenance
HW0241,Office Chair 241,Furniture,Office Chair,Warehouse,IKEA,2020,SN-100241,PN-200241,18,available
HW0242,Projector 242,Electronics,Projector,HQ,Epson,2017,SN-100242,PN-200242,1,in use
HW0243,Camera 243,Electronics,Camera,Branch B,Sony,2017,SN-100243,PN-200243,16,disposed
HW0244,Motorcycle 244,Vehicle,Motorcycle,Office B,Honda,2016,SN-100244,PN-200244,11,disposed
HW0245,Access Point 245,Network,Access Point,Branch A,Ubiquiti,2020,SN-100245,PN-200245,9,maintenance
HW0246,Meeting Table 246,Furniture,Meeting Table,Warehouse,IKEA,2025,SN-100246,PN-200246,17,in use
HW0247,Office Chair 247,Furniture,Office Chair,Room 2,IKEA,2024,SN-100247,PN-200247,8,available
HW0248,Scanner 248,Electronics,Scanner,Office B,Canon,2021,SN-100248,PN-200248,9,reserved
HW0249,Van 249,Vehicle,Van,Data Center,Nissan,2022,SN-100249,PN-200249,14,in use
HW0250,Scanner 250,Electronics,Scanner,Room 2,Canon,2018,SN-100250,PN-200250,12,in use
HW0251,Projector 251,Electronics,Projector,Office B,Epson,2018,SN-100251,PN-200251,12,reserved
HW0252,Firewall 252,Network,Firewall,Branch B,Fortinet,2022,SN-100252,PN-200252,19,reserved
HW0253,Desk 253,Furniture,Desk,Branch A,IKEA,2019,SN-100253,PN-200253,14,in use
HW0254,Access Point 254,Network,Access Point,Branch A,Ubiquiti,2016,SN-100254,PN-200254,7,disposed
HW0255,Storage 255,Hardware,Storage,Office A,Synology,2021,SN-100255,PN-200255,15,reserved
HW0256,Switch 256,Hardware,Switch,Branch A,Cisco,2021,SN-100256,PN-200256,20,maintenance
HW0257,Meeting Table 257,Furniture,Meeting Table,Branch B,IKEA,2024,SN-100257,PN-200257,1,in use
HW0258,Cabinet 258,Furniture,Cabinet,Office B,Steelcase,2018,SN-100258,PN-200258,17,in use
HW0259,Access Point 259,Network,Access Point,HQ,Ubiquiti,2024,SN-100259,PN-200259,1,in use
HW0260,Motorcycle 260,Vehicle,Motorcycle,Office B,Honda,2016,SN-100260,PN-200260,9,reserved
HW0261,Firewall 261,Network,Firewall,Warehouse,Fortinet,2020,SN-100261,PN-200261,13,reserved
HW0262,Television 262,Electronics,Television,Room 2,Samsung,2017,SN-100262,PN-200262,20,available
HW0263,Van 263,Vehicle,Van,Office B,Nissan,2019,SN-100263,PN-200263,10,in use
HW0264,Television 264,Electronics,Television,Office B,Samsung,2021,SN-100264,PN-200264,15,reserved
HW0265,Television 265,Electronics,Television,Warehouse,Samsung,2023,SN-100265,PN-200265,4,available
HW0266,Projector 266,Electronics,Projector,Room 3,Epson,2025,SN-100266,PN-200266,3,reserved
HW0267,Car 267,Vehicle,Car,Warehouse,Toyota,2020,SN-100267,PN-200267,4,reserved
HW0268,Television 268,Electronics,Television,Room 3,Samsung,2019,SN-100268,PN-200268,11,disposed
HW0269,Firewall 269,Network,Firewall,Office A,Fortinet,2025,SN-100269,PN-200269,11,in use
HW0270,Car 270,Vehicle,Car,Branch A,Toyota,2016,SN-100270,PN-200270,14,disposed
HW0271,Motorcycle 271,Vehicle,Motorcycle,Office B,Honda,2023,SN-100271,PN-200271,7,available
HW0272,Projector 272,Electronics,Projector,Branch B,Epson,2017,SN-100272,PN-200272,7,in use
HW0273,Cabinet 273,Furniture,Cabinet,Room 3,Steelcase,2020,SN-100273,PN-200273,11,disposed
HW0274,Desk 274,Furniture,Desk,Branch A,IKEA,2016,SN-100274,PN-200274,19,disposed
HW0275,Scanner 275,Electronics,Scanner,Room 1,Canon,2019,SN-100275,PN-200275,5,reserved
HW0276,Desk 276,Furniture,Desk,Room 2,IKEA,2021,SN-100276,PN-200276,19,reserved
HW0277,Router 277,Hardware,Router,Data Center,Cisco,2020,SN-100277,PN-200277,11,maintenance
HW0278,Cabinet 278,Furniture,Cabinet,Branch B,Steelcase,2021,SN-100278,PN-200278,13,in use
HW0279,Firewall 279,Network,Firewall,Office B,Fortinet,2017,SN-100279,PN-200279,5,in use
HW0280,Van 280,Vehicle,Van,Office A,Nissan,2019,SN-100280,PN-200280,6,maintenance
HW0281,Cabinet 281,Furniture,Cabinet,Room 3,Steelcase,2016,SN-100281,PN-200281,3,disposed
HW0282,Car 282,Vehicle,Car,Data Center,Toyota,2023,SN-100282,PN-200282,9,in use
HW0283,Desktop 283,Hardware,Desktop,Warehouse,HP,2025,SN-100283,PN-200283,19,in use
HW0284,Meeting Table 284,Furniture,Meeting Table,Office A,IKEA,2019,SN-100284,PN-200284,5,in use
HW0285,Router 285,Network,Router,Room 2,MikroTik,2023,SN-100285,PN-200285,19,in use
HW0286,Switch 286,Network,Switch,Branch B,Cisco,2016,SN-100286,PN-200286,9,available
HW0287,Monitor 287,Hardware,Monitor,HQ,Samsung,2018,SN-100287,PN-200287,3,reserved
HW0288,Desk 288,Furniture,Desk,Room 1,IKEA,2016,SN-100288,PN-200288,15,in use
HW0289,Switch 289,Network,Switch,Branch A,Cisco,2020,SN-100289,PN-200289,20,available
HW0290,Switch 290,Network,Switch,Data Center,Cisco,2020,SN-100290,PN-200290,19,disposed
HW0291,Meeting Table 291,Furniture,Meeting Table,Room 1,IKEA,2016,SN-100291,PN-200291,6,maintenance
HW0292,Projector 292,Electronics,Projector,Office B,Epson,2016,SN-100292,PN-200292,15,in use
HW0293,Office Chair 293,Furniture,Office Chair,Warehouse,IKEA,2021,SN-100293,PN-200293,12,available
HW0294,Desktop 294,Hardware,Desktop,Office B,HP,2017,SN-100294,PN-200294,19,in use
HW0295,Switch 295,Network,Switch,Branch A,Cisco,2025,SN-100295,PN-200295,17,disposed
HW0296,Firewall 296,Network,Firewall,Warehouse,Fortinet,2022,SN-100296,PN-200296,17,available
HW0297,Motorcycle 297,Vehicle,Motorcycle,Branch A,Honda,2016,SN-100297,PN-200297,13,reserved
HW0298,Television 298,Electronics,Television,Office B,Samsung,2025,SN-100298,PN-200298,10,in use
HW0299,Switch 299,Network,Switch,Branch A,Cisco,2016,SN-100299,PN-200299,7,reserved
HW0300,Car 300,Vehicle,Car,Room 1,Toyota,2016,SN-100300,PN-200300,17,available
HW0301,Switch 301,Hardware,Switch,Room 3,Cisco,2023,SN-100301,PN-200301,8,available
HW0302,Camera 302,Electronics,Camera,Data Center,Sony,2024,SN-100302,PN-200302,10,available
HW0303,Meeting Table 303,Furniture,Meeting Table,Office A,IKEA,2024,SN-100303,PN-200303,15,maintenance
HW0304,Projector 304,Electronics,Projector,Room 1,Epson,2016,SN-100304,PN-200304,1,available
HW0305,Desk 305,Furniture,Desk,Branch A,IKEA,2020,SN-100305,PN-200305,1,disposed
HW0306,Van 306,Vehicle,Van,Room 3,Nissan,2022,SN-100306,PN-200306,13,reserved
HW0307,Printer 307,Hardware,Printer,Room 1,Canon,2021,SN-100307,PN-200307,5,disposed
HW0308,Office Chair 308,Furniture,Office Chair,Room 2,IKEA,2016,SN-100308,PN-200308,1,maintenance
HW0309,Office Chair 309,Furniture,Office Chair,HQ,IKEA,2022,SN-100309,PN-200309,12,maintenance
HW0310,Television 310,Electronics,Television,Data Center,Samsung,2019,SN-100310,PN-200310,4,disposed
HW0311,Car 311,Vehicle,Car,Room 2,Toyota,2018,SN-100311,PN-200311,9,in use
HW0312,Meeting Table 312,Furniture,Meeting Table,Office B,IKEA,2022,SN-100312,PN-200312,7,in use
HW0313,Monitor 313,Hardware,Monitor,Branch B,Samsung,2020,SN-100313,PN-200313,10,maintenance
HW0314,Television 314,Electronics,Television,Data Center,Samsung,2021,SN-100314,PN-200314,12,maintenance
HW0315,Television 315,Electronics,Television,Branch B,Samsung,2019,SN-100315,PN-200315,7,disposed
HW0316,Server 316,Hardware,Server,Room 1,Dell,2022,SN-100316,PN-200316,16,available
HW0317,Cabinet 317,Furniture,Cabinet,Office A,Steelcase,2023,SN-100317,PN-200317,11,in use
HW0318,Server 318,Hardware,Server,Room 2,Dell,2018,SN-100318,PN-200318,20,reserved
HW0319,Camera 319,Electronics,Camera,Warehouse,Sony,2018,SN-100319,PN-200319,5,maintenance
HW0320,Router 320,Network,Router,HQ,MikroTik,2017,SN-100320,PN-200320,1,in use
HW0321,Meeting Table 321,Furniture,Meeting Table,Data Center,IKEA,2016,SN-100321,PN-200321,5,maintenance
HW0322,Motorcycle 322,Vehicle,Motorcycle,Office B,Honda,2020,SN-100322,PN-200322,16,maintenance
HW0323,Car 323,Vehicle,Car,Room 1,Toyota,2017,SN-100323,PN-200323,17,disposed
HW0324,Van 324,Vehicle,Van,HQ,Nissan,2025,SN-100324,PN-200324,6,available
HW0325,Television 325,Electronics,Television,Warehouse,Samsung,2022,SN-100325,PN-200325,5,reserved
HW0326,Meeting Table 326,Furniture,Meeting Table,Room 1,IKEA,2021,SN-100326,PN-200326,14,maintenance
HW0327,Storage 327,Hardware,Storage,Data Center,Synology,2018,SN-100327,PN-200327,4,maintenance
HW0328,Van 328,Vehicle,Van,Warehouse,Nissan,2021,SN-100328,PN-200328,13,reserved
HW0329,Car 329,Vehicle,Car,Branch B,Toyota,2022,SN-100329,PN-200329,5,available
HW0330,Office Chair 330,Furniture,Office Chair,Office A,IKEA,2024,SN-100330,PN-200330,15,maintenance
HW0331,Firewall 331,Hardware,Firewall,Office A,Fortinet,2021,SN-100331,PN-200331,19,maintenance
HW0332,Desk 332,Furniture,Desk,Office A,IKEA,2017,SN-100332,PN-200332,11,maintenance
HW0333,Firewall 333,Hardware,Firewall,Warehouse,Fortinet,2024,SN-100333,PN-200333,12,disposed
HW0334,Projector 334,Electronics,Projector,Branch A,Epson,2021,SN-100334,PN-200334,20,disposed
HW0335,Laptop 335,Hardware,Laptop,Branch B,Lenovo,2024,SN-100335,PN-200335,14,in use
HW0336,Camera 336,Electronics,Camera,Room 1,Sony,2022,SN-100336,PN-200336,8,maintenance
HW0337,Van 337,Vehicle,Van,Warehouse,Nissan,2018,SN-100337,PN-200337,1,reserved
HW0338,Monitor 338,Hardware,Monitor,Room 2,Samsung,2024,SN-100338,PN-200338,18,in use
HW0339,Projector 339,Electronics,Projector,Branch B,Epson,2017,SN-100339,PN-200339,3,in use
HW0340,Access Point 340,Network,Access Point,Room 2,Ubiquiti,2020,SN-100340,PN-200340,12,maintenance
HW0341,Access Point 341,Network,Access Point,Office B,Ubiquiti,2017,SN-100341,PN-200341,2,in use
HW0342,Car 342,Vehicle,Car,Branch A,Toyota,2025,SN-100342,PN-200342,10,maintenance
HW0343,Van 343,Vehicle,Van,Room 3,Nissan,2019,SN-100343,PN-200343,13,reserved
HW0344,Office Chair 344,Furniture,Office Chair,Office B,IKEA,2016,SN-100344,PN-200344,17,disposed
HW0345,Access Point 345,Network,Access Point,Warehouse,Ubiquiti,2020,SN-100345,PN-200345,1,available
HW0346,Desk 346,Furniture,Desk,Warehouse,IKEA,2021,SN-100346,PN-200346,1,available
HW0347,Camera 347,Electronics,Camera,HQ,Sony,2019,SN-100347,PN-200347,17,reserved
HW0348,Firewall 348,Network,Firewall,Room 2,Fortinet,2017,SN-100348,PN-200348,8,maintenance
HW0349,Car 349,Vehicle,Car,Branch A,Toyota,2025,SN-100349,PN-200349,14,reserved
HW0350,Scanner 350,Electronics,Scanner,Room 3,Canon,2025,SN-100350,PN-200350,16,maintenance
HW0351,Van 351,Vehicle,Van,Branch B,Nissan,2025,SN-100351,PN-200351,5,in use
HW0352,Car 352,Vehicle,Car,Office A,Toyota,2021,SN-100352,PN-200352,14,available
HW0353,Firewall 353,Network,Firewall,Warehouse,Fortinet,2016,SN-100353,PN-200353,3,maintenance
HW0354,Router 354,Network,Router,Room 3,MikroTik,2025,SN-100354,PN-200354,19,disposed
HW0355,Van 355,Vehicle,Van,HQ,Nissan,2017,SN-100355,PN-200355,5,available
HW0356,Projector 356,Electronics,Projector,Room 2,Epson,2025,SN-100356,PN-200356,12,in use
HW0357,Van 357,Vehicle,Van,HQ,Nissan,2018,SN-100357,PN-200357,4,disposed
HW0358,Car 358,Vehicle,Car,Office B,Toyota,2022,SN-100358,PN-200358,10,disposed
HW0359,Router 359,Network,Router,Warehouse,MikroTik,2024,SN-100359,PN-200359,16,available
HW0360,Access Point 360,Network,Access Point,Room 1,Ubiquiti,2025,SN-100360,PN-200360,14,available
HW0361,Switch 361,Network,Switch,Room 1,Cisco,2024,SN-100361,PN-200361,15,disposed
HW0362,Motorcycle 362,Vehicle,Motorcycle,Room 2,Honda,2016,SN-100362,PN-200362,17,in use
HW0363,Projector 363,Electronics,Projector,Room 2,Epson,2019,SN-100363,PN-200363,7,reserved
HW0364,Meeting Table 364,Furniture,Meeting Table,Office B,IKEA,2021,SN-100364,PN-200364,14,maintenance
HW0365,Router 365,Network,Router,Room 1,MikroTik,2024,SN-100365,PN-200365,17,reserved
HW0366,Projector 366,Electronics,Projector,Room 3,Epson,2025,SN-100366,PN-200366,18,available
HW0367,Television 367,Electronics,Television,Office B,Samsung,2020,SN-100367,PN-200367,18,maintenance
HW0368,Router 368,Network,Router,Room 2,MikroTik,2021,SN-100368,PN-200368,18,reserved
HW0369,Motorcycle 369,Vehicle,Motorcycle,Room 3,Honda,2024,SN-100369,PN-200369,6,reserved
HW0370,Desktop 370,Hardware,Desktop,Room 2,HP,2020,SN-100370,PN-200370,3,maintenance
HW0371,Cabinet 371,Furniture,Cabinet,Office B,Steelcase,2017,SN-100371,PN-200371,6,maintenance
HW0372,Server 372,Hardware,Server,Branch A,Dell,2025,SN-100372,PN-200372,4,in use
HW0373,Desk 373,Furniture,Desk,Room 3,IKEA,2024,SN-100373,PN-200373,9,maintenance
HW0374,Router 374,Network,Router,Room 2,MikroTik,2025,SN-100374,PN-200374,8,disposed
HW0375,Access Point 375,Network,Access Point,Room 3,Ubiquiti,2019,SN-100375,PN-200375,15,maintenance
HW0376,Router 376,Network,Router,Room 2,MikroTik,2017,SN-100376,PN-200376,6,maintenance
HW0377,Projector 377,Electronics,Projector,Room 3,Epson,2023,SN-100377,PN-200377,4,reserved
HW0378,Router 378,Network,Router,Office B,MikroTik,2017,SN-100378,PN-200378,10,reserved
HW0379,Switch 379,Hardware,Switch,Room 1,Cisco,2018,SN-100379,PN-200379,1,disposed
HW0380,Meeting Table 380,Furniture,Meeting Table,Room 1,IKEA,2019,SN-100380,PN-200380,5,disposed
HW0381,Access Point 381,Network,Access Point,Branch A,Ubiquiti,2018,SN-100381,PN-200381,8,maintenance
HW0382,Car 382,Vehicle,Car,Room 2,Toyota,2017,SN-100382,PN-200382,18,available
HW0383,Projector 383,Electronics,Projector,Office B,Epson,2023,SN-100383,PN-200383,4,maintenance
HW0384,Firewall 384,Hardware,Firewall,Branch B,Fortinet,2018,SN-100384,PN-200384,9,in use
HW0385,Car 385,Vehicle,Car,Room 3,Toyota,2024,SN-100385,PN-200385,15,in use
HW0386,Router 386,Hardware,Router,Room 3,Cisco,2024,SN-100386,PN-200386,4,reserved
HW0387,Meeting Table 387,Furniture,Meeting Table,Branch B,IKEA,2016,SN-100387,PN-200387,2,available
HW0388,Car 388,Vehicle,Car,Branch A,Toyota,2018,SN-100388,PN-200388,4,available
HW0389,Projector 389,Electronics,Projector,Room 2,Epson,2016,SN-100389,PN-200389,17,disposed
HW0390,Van 390,Vehicle,Van,HQ,Nissan,2025,SN-100390,PN-200390,9,in use
HW0391,Television 391,Electronics,Television,Branch A,Samsung,2016,SN-100391,PN-200391,6,in use
HW0392,Scanner 392,Electronics,Scanner,HQ,Canon,2019,SN-100392,PN-200392,15,disposed
HW0393,Firewall 393,Hardware,Firewall,Warehouse,Fortinet,2018,SN-100393,PN-200393,10,disposed
HW0394,Server 394,Hardware,Server,Room 2,Dell,2021,SN-100394,PN-200394,17,available
HW0395,Firewall 395,Hardware,Firewall,HQ,Fortinet,2019,SN-100395,PN-200395,7,in use
HW0396,Cabinet 396,Furniture,Cabinet,Room 3,Steelcase,2022,SN-100396,PN-200396,12,disposed
HW0397,Monitor 397,Hardware,Monitor,Room 3,Samsung,2019,SN-100397,PN-200397,17,maintenance
HW0398,Meeting Table 398,Furniture,Meeting Table,Office A,IKEA,2020,SN-100398,PN-200398,6,reserved
HW0399,Motorcycle 399,Vehicle,Motorcycle,Data Center,Honda,2017,SN-100399,PN-200399,3,reserved
HW0400,Van 400,Vehicle,Van,Room 2,Nissan,2017,SN-100400,PN-200400,16,disposed
HW0401,Cabinet 401,Furniture,Cabinet,Office A,Steelcase,2020,SN-100401,PN-200401,2,available
HW0402,Desktop 402,Hardware,Desktop,Room 3,HP,2016,SN-100402,PN-200402,2,disposed
HW0403,Projector 403,Electronics,Projector,Branch A,Epson,2025,SN-100403,PN-200403,4,available
HW0404,Switch 404,Network,Switch,Branch A,Cisco,2023,SN-100404,PN-200404,1,in use
HW0405,Laptop 405,Hardware,Laptop,HQ,Lenovo,2019,SN-100405,PN-200405,12,available
HW0406,Car 406,Vehicle,Car,Warehouse,Toyota,2021,SN-100406,PN-200406,8,maintenance
HW0407,Switch 407,Network,Switch,Room 1,Cisco,2025,SN-100407,PN-200407,4,reserved
HW0408,Projector 408,Electronics,Projector,Data Center,Epson,2024,SN-100408,PN-200408,11,in use
HW0409,Car 409,Vehicle,Car,Office B,Toyota,2016,SN-100409,PN-200409,2,disposed
HW0410,Van 410,Vehicle,Van,Office A,Nissan,2019,SN-100410,PN-200410,8,maintenance
HW0411,Motorcycle 411,Vehicle,Motorcycle,Room 3,Honda,2017,SN-100411,PN-200411,2,available
HW0412,Desk 412,Furniture,Desk,Room 1,IKEA,2021,SN-100412,PN-200412,6,in use
HW0413,Television 413,Electronics,Television,Branch B,Samsung,2019,SN-100413,PN-200413,1,in use
HW0414,Car 414,Vehicle,Car,Warehouse,Toyota,2020,SN-100414,PN-200414,18,in use
HW0415,Firewall 415,Hardware,Firewall,Room 3,Fortinet,2017,SN-100415,PN-200415,6,maintenance
HW0416,UPS 416,Hardware,UPS,Warehouse,APC,2018,SN-100416,PN-200416,6,reserved
HW0417,Van 417,Vehicle,Van,Room 1,Nissan,2022,SN-100417,PN-200417,12,disposed
HW0418,Printer 418,Hardware,Printer,Warehouse,Canon,2024,SN-100418,PN-200418,5,in use
HW0419,Television 419,Electronics,Television,Office B,Samsung,2017,SN-100419,PN-200419,17,disposed
HW0420,Switch 420,Network,Switch,Branch B,Cisco,2018,SN-100420,PN-200420,16,reserved
HW0421,Van 421,Vehicle,Van,Room 3,Nissan,2025,SN-100421,PN-200421,15,maintenance
HW0422,Access Point 422,Network,Access Point,Branch A,Ubiquiti,2023,SN-100422,PN-200422,10,reserved
HW0423,Scanner 423,Electronics,Scanner,Office A,Canon,2022,SN-100423,PN-200423,6,reserved
HW0424,Van 424,Vehicle,Van,Data Center,Nissan,2025,SN-100424,PN-200424,19,available
HW0425,Switch 425,Network,Switch,Warehouse,Cisco,2020,SN-100425,PN-200425,3,maintenance
HW0426,Switch 426,Network,Switch,Warehouse,Cisco,2021,SN-100426,PN-200426,17,disposed
HW0427,Van 427,Vehicle,Van,Branch B,Nissan,2025,SN-100427,PN-200427,19,available
HW0428,Television 428,Electronics,Television,Office B,Samsung,2023,SN-100428,PN-200428,20,available
HW0429,Office Chair 429,Furniture,Office Chair,Office B,IKEA,2017,SN-100429,PN-200429,13,maintenance
HW0430,Access Point 430,Network,Access Point,Office B,Ubiquiti,2024,SN-100430,PN-200430,4,maintenance
HW0431,Server 431,Hardware,Server,Branch B,Dell,2018,SN-100431,PN-200431,15,maintenance
HW0432,Laptop 432,Hardware,Laptop,Office A,Lenovo,2023,SN-100432,PN-200432,10,available
HW0433,Car 433,Vehicle,Car,Branch B,Toyota,2024,SN-100433,PN-200433,20,reserved
HW0434,Router 434,Network,Router,Branch A,MikroTik,2023,SN-100434,PN-200434,13,disposed
HW0435,Printer 435,Hardware,Printer,Office A,Canon,2020,SN-100435,PN-200435,1,available
HW0436,Server 436,Hardware,Server,HQ,Dell,2024,SN-100436,PN-200436,5,maintenance
HW0437,Switch 437,Network,Switch,Room 3,Cisco,2022,SN-100437,PN-200437,13,maintenance
HW0438,Desk 438,Furniture,Desk,Room 1,IKEA,2023,SN-100438,PN-200438,3,disposed
HW0439,Router 439,Network,Router,HQ,MikroTik,2023,SN-100439,PN-200439,10,disposed
HW0440,Switch 440,Network,Switch,Room 1,Cisco,2018,SN-100440,PN-200440,18,available
HW0441,UPS 441,Hardware,UPS,Office A,APC,2019,SN-100441,PN-200441,11,available
HW0442,Television 442,Electronics,Television,Warehouse,Samsung,2021,SN-100442,PN-200442,16,maintenance
HW0443,Cabinet 443,Furniture,Cabinet,Data Center,Steelcase,2018,SN-100443,PN-200443,1,in use
HW0444,Laptop 444,Hardware,Laptop,Office B,Lenovo,2018,SN-100444,PN-200444,20,maintenance
HW0445,Printer 445,Hardware,Printer,Room 2,Canon,2016,SN-100445,PN-200445,13,in use
HW0446,Van 446,Vehicle,Van,Room 3,Nissan,2023,SN-100446,PN-200446,10,reserved
HW0447,Scanner 447,Electronics,Scanner,Room 1,Canon,2024,SN-100447,PN-200447,12,maintenance
HW0448,Switch 448,Network,Switch,Branch B,Cisco,2025,SN-100448,PN-200448,1,reserved
HW0449,Camera 449,Electronics,Camera,HQ,Sony,2020,SN-100449,PN-200449,1,available
HW0450,Projector 450,Electronics,Projector,Office B,Epson,2021,SN-100450,PN-200450,7,maintenance
HW0451,Television 451,Electronics,Television,HQ,Samsung,2024,SN-100451,PN-200451,13,available
HW0452,Firewall 452,Hardware,Firewall,Room 3,Fortinet,2021,SN-100452,PN-200452,12,reserved
HW0453,Desk 453,Furniture,Desk,Branch B,IKEA,2020,SN-100453,PN-200453,9,available
HW0454,Scanner 454,Electronics,Scanner,Room 3,Canon,2018,SN-100454,PN-200454,1,in use
HW0455,Firewall 455,Network,Firewall,Office A,Fortinet,2024,SN-100455,PN-200455,12,maintenance
HW0456,Scanner 456,Electronics,Scanner,Warehouse,Canon,2020,SN-100456,PN-200456,1,maintenance
HW0457,Meeting Table 457,Furniture,Meeting Table,Room 1,IKEA,2022,SN-100457,PN-200457,11,in use
HW0458,Router 458,Network,Router,Warehouse,MikroTik,2019,SN-100458,PN-200458,20,maintenance
HW0459,Switch 459,Network,Switch,Room 1,Cisco,2025,SN-100459,PN-200459,20,maintenance
HW0460,Router 460,Network,Router,Office B,MikroTik,2023,SN-100460,PN-200460,10,disposed
HW0461,Scanner 461,Electronics,Scanner,Data Center,Canon,2022,SN-100461,PN-200461,13,reserved
HW0462,Desk 462,Furniture,Desk,Office A,IKEA,2017,SN-100462,PN-200462,6,maintenance
HW0463,Desk 463,Furniture,Desk,Warehouse,IKEA,2023,SN-100463,PN-200463,12,disposed
HW0464,Router 464,Network,Router,Branch A,MikroTik,2018,SN-100464,PN-200464,2,in use
HW0465,Television 465,Electronics,Television,Office A,Samsung,2025,SN-100465,PN-200465,15,maintenance
HW0466,Access Point 466,Network,Access Point,Branch B,Ubiquiti,2025,SN-100466,PN-200466,11,maintenance
HW0467,Meeting Table 467,Furniture,Meeting Table,Office B,IKEA,2025,SN-100467,PN-200467,20,maintenance
HW0468,Camera 468,Electronics,Camera,Room 2,Sony,2017,SN-100468,PN-200468,6,disposed
HW0469,Scanner 469,Electronics,Scanner,Room 1,Canon,2022,SN-100469,PN-200469,17,maintenance
HW0470,Van 470,Vehicle,Van,Branch B,Nissan,2020,SN-100470,PN-200470,9,in use
HW0471,Firewall 471,Hardware,Firewall,Room 1,Fortinet,2025,SN-100471,PN-200471,20,disposed
HW0472,Van 472,Vehicle,Van,Office B,Nissan,2025,SN-100472,PN-200472,17,reserved
HW0473,Meeting Table 473,Furniture,Meeting Table,Data Center,IKEA,2021,SN-100473,PN-200473,14,available
HW0474,Office Chair 474,Furniture,Office Chair,Data Center,IKEA,2023,SN-100474,PN-200474,15,available
HW0475,Scanner 475,Electronics,Scanner,Room 1,Canon,2018,SN-100475,PN-200475,13,disposed
HW0476,Meeting Table 476,Furniture,Meeting Table,HQ,IKEA,2023,SN-100476,PN-200476,9,in use
HW0477,Printer 477,Hardware,Printer,Branch A,Canon,2016,SN-100477,PN-200477,4,reserved
HW0478,Scanner 478,Electronics,Scanner,Branch A,Canon,2021,SN-100478,PN-200478,17,maintenance
HW0479,Motorcycle 479,Vehicle,Motorcycle,HQ,Honda,2017,SN-100479,PN-200479,8,maintenance
HW0480,Access Point 480,Network,Access Point,Room 3,Ubiquiti,2024,SN-100480,PN-200480,14,in use
HW0481,Switch 481,Network,Switch,HQ,Cisco,2021,SN-100481,PN-200481,4,maintenance
HW0482,Cabinet 482,Furniture,Cabinet,Room 3,Steelcase,2022,SN-100482,PN-200482,10,disposed
HW0483,Monitor 483,Hardware,Monitor,Room 1,Samsung,2018,SN-100483,PN-200483,13,reserved
HW0484,Switch 484,Network,Switch,HQ,Cisco,2019,SN-100484,PN-200484,17,reserved
HW0485,Motorcycle 485,Vehicle,Motorcycle,Room 3,Honda,2025,SN-100485,PN-200485,5,disposed
HW0486,Office Chair 486,Furniture,Office Chair,HQ,IKEA,2023,SN-100486,PN-200486,6,reserved
HW0487,Desk 487,Furniture,Desk,Room 2,IKEA,2023,SN-100487,PN-200487,19,in use
HW0488,Desk 488,Furniture,Desk,Branch A,IKEA,2016,SN-100488,PN-200488,19,disposed
HW0489,Printer 489,Hardware,Printer,Warehouse,Canon,2022,SN-100489,PN-200489,7,disposed
HW0490,Desk 490,Furniture,Desk,Room 1,IKEA,2023,SN-100490,PN-200490,18,reserved
HW0491,Car 491,Vehicle,Car,Data Center,Toyota,2023,SN-100491,PN-200491,15,reserved
HW0492,Access Point 492,Network,Access Point,Office A,Ubiquiti,2016,SN-100492,PN-200492,7,maintenance
HW0493,Office Chair 493,Furniture,Office Chair,Room 1,IKEA,2025,SN-100493,PN-200493,4,in use
HW0494,Car 494,Vehicle,Car,Room 1,Toyota,2020,SN-100494,PN-200494,5,reserved
HW0495,Van 495,Vehicle,Van,Room 1,Nissan,2023,SN-100495,PN-200495,15,maintenance
HW0496,Camera 496,Electronics,Camera,Office A,Sony,2024,SN-100496,PN-200496,11,in use
HW0497,Car 497,Vehicle,Car,Room 3,Toyota,2020,SN-100497,PN-200497,12,disposed
HW0498,Projector 498,Electronics,Projector,Data Center,Epson,2024,SN-100498,PN-200498,7,maintenance
HW0499,Cabinet 499,Furniture,Cabinet,Data Center,Steelcase,2017,SN-100499,PN-200499,18,available
HW0500,Firewall 500,Hardware,Firewall,Office B,Fortinet,2018,SN-100500,PN-200500,9,in use
HW0501,Van 501,Vehicle,Van,Room 3,Nissan,2021,SN-100501,PN-200501,12,in use
HW0502,Access Point 502,Network,Access Point,Data Center,Ubiquiti,2021,SN-100502,PN-200502,6,disposed
HW0503,Firewall 503,Network,Firewall,Branch B,Fortinet,2021,SN-100503,PN-200503,6,reserved
HW0504,Switch 504,Network,Switch,Data Center,Cisco,2019,SN-100504,PN-200504,10,disposed
HW0505,Firewall 505,Network,Firewall,Office A,Fortinet,2019,SN-100505,PN-200505,7,maintenance
HW0506,Router 506,Network,Router,Data Center,MikroTik,2024,SN-100506,PN-200506,5,maintenance
HW0507,Camera 507,Electronics,Camera,Room 3,Sony,2019,SN-100507,PN-200507,3,in use
HW0508,Office Chair 508,Furniture,Office Chair,Room 3,IKEA,2016,SN-100508,PN-200508,11,maintenance
HW0509,Camera 509,Electronics,Camera,Data Center,Sony,2019,SN-100509,PN-200509,4,in use
HW0510,Meeting Table 510,Furniture,Meeting Table,Office B,IKEA,2019,SN-100510,PN-200510,10,available
HW0511,Firewall 511,Hardware,Firewall,Office B,Fortinet,2025,SN-100511,PN-200511,7,available
HW0512,Router 512,Network,Router,Room 2,MikroTik,2018,SN-100512,PN-200512,18,available
HW0513,Television 513,Electronics,Television,Room 2,Samsung,2016,SN-100513,PN-200513,8,disposed
HW0514,Router 514,Hardware,Router,Room 1,Cisco,2020,SN-100514,PN-200514,12,disposed
HW0515,Laptop 515,Hardware,Laptop,Room 2,Lenovo,2016,SN-100515,PN-200515,14,reserved
HW0516,Access Point 516,Network,Access Point,Room 2,Ubiquiti,2025,SN-100516,PN-200516,16,reserved
HW0517,Scanner 517,Electronics,Scanner,Office B,Canon,2018,SN-100517,PN-200517,2,disposed
HW0518,Projector 518,Electronics,Projector,Room 3,Epson,2024,SN-100518,PN-200518,15,maintenance
HW0519,Van 519,Vehicle,Van,Office A,Nissan,2021,SN-100519,PN-200519,4,in use
HW0520,Firewall 520,Network,Firewall,Branch A,Fortinet,2025,SN-100520,PN-200520,18,disposed
HW0521,Switch 521,Hardware,Switch,Room 3,Cisco,2019,SN-100521,PN-200521,3,disposed
HW0522,Desktop 522,Hardware,Desktop,Office B,HP,2025,SN-100522,PN-200522,6,maintenance
HW0523,Cabinet 523,Furniture,Cabinet,Branch B,Steelcase,2025,SN-100523,PN-200523,7,available
HW0524,Firewall 524,Network,Firewall,Warehouse,Fortinet,2021,SN-100524,PN-200524,15,maintenance
HW0525,Camera 525,Electronics,Camera,Room 2,Sony,2021,SN-100525,PN-200525,19,maintenance
HW0526,Monitor 526,Hardware,Monitor,Room 2,Samsung,2021,SN-100526,PN-200526,20,available
HW0527,Cabinet 527,Furniture,Cabinet,Warehouse,Steelcase,2016,SN-100527,PN-200527,1,disposed
HW0528,Car 528,Vehicle,Car,Branch B,Toyota,2020,SN-100528,PN-200528,10,available
HW0529,Television 529,Electronics,Television,Data Center,Samsung,2020,SN-100529,PN-200529,12,disposed
HW0530,Router 530,Hardware,Router,Branch A,Cisco,2021,SN-100530,PN-200530,12,maintenance
HW0531,Camera 531,Electronics,Camera,Room 1,Sony,2019,SN-100531,PN-200531,7,in use
HW0532,UPS 532,Hardware,UPS,Warehouse,APC,2025,SN-100532,PN-200532,11,available
HW0533,UPS 533,Hardware,UPS,Room 2,APC,2023,SN-100533,PN-200533,16,available
HW0534,UPS 534,Hardware,UPS,Warehouse,APC,2020,SN-100534,PN-200534,17,in use
HW0535,Router 535,Network,Router,Data Center,MikroTik,2024,SN-100535,PN-200535,9,maintenance
HW0536,Television 536,Electronics,Television,Data Center,Samsung,2016,SN-100536,PN-200536,12,available
HW0537,Motorcycle 537,Vehicle,Motorcycle,Branch A,Honda,2021,SN-100537,PN-200537,7,in use
HW0538,Camera 538,Electronics,Camera,Branch A,Sony,2021,SN-100538,PN-200538,17,available
HW0539,Camera 539,Electronics,Camera,Data Center,Sony,2018,SN-100539,PN-200539,12,reserved
HW0540,Access Point 540,Network,Access Point,Branch B,Ubiquiti,2021,SN-100540,PN-200540,14,disposed
HW0541,Router 541,Network,Router,Room 3,MikroTik,2016,SN-100541,PN-200541,2,disposed
HW0542,Router 542,Network,Router,Branch A,MikroTik,2025,SN-100542,PN-200542,15,in use
HW0543,Desktop 543,Hardware,Desktop,HQ,HP,2018,SN-100543,PN-200543,8,disposed
HW0544,Laptop 544,Hardware,Laptop,Room 1,Lenovo,2020,SN-100544,PN-200544,6,maintenance
HW0545,Van 545,Vehicle,Van,Room 2,Nissan,2019,SN-100545,PN-200545,3,maintenance
HW0546,Firewall 546,Network,Firewall,Warehouse,Fortinet,2023,SN-100546,PN-200546,10,available
HW0547,Camera 547,Electronics,Camera,Office A,Sony,2024,SN-100547,PN-200547,9,in use
HW0548,Router 548,Network,Router,Branch B,MikroTik,2017,SN-100548,PN-200548,1,available
HW0549,Firewall 549,Network,Firewall,Warehouse,Fortinet,2021,SN-100549,PN-200549,1,maintenance
HW0550,Office Chair 550,Furniture,Office Chair,Branch B,IKEA,2017,SN-100550,PN-200550,10,maintenance
HW0551,Access Point 551,Network,Access Point,Room 3,Ubiquiti,2019,SN-100551,PN-200551,6,disposed
HW0552,Desktop 552,Hardware,Desktop,HQ,HP,2024,SN-100552,PN-200552,7,available
HW0553,Router 553,Network,Router,Office A,MikroTik,2024,SN-100553,PN-200553,12,disposed
HW0554,Access Point 554,Network,Access Point,Branch B,Ubiquiti,2023,SN-100554,PN-200554,15,reserved
HW0555,Television 555,Electronics,Television,Branch B,Samsung,2023,SN-100555,PN-200555,6,in use
HW0556,Laptop 556,Hardware,Laptop,Branch A,Lenovo,2024,SN-100556,PN-200556,9,disposed
HW0557,Meeting Table 557,Furniture,Meeting Table,HQ,IKEA,2022,SN-100557,PN-200557,2,reserved
HW0558,Laptop 558,Hardware,Laptop,Branch B,Lenovo,2019,SN-100558,PN-200558,4,available
HW0559,Television 559,Electronics,Television,Warehouse,Samsung,2025,SN-100559,PN-200559,2,disposed
HW0560,Motorcycle 560,Vehicle,Motorcycle,Office B,Honda,2021,SN-100560,PN-200560,4,maintenance
HW0561,Switch 561,Network,Switch,Warehouse,Cisco,2017,SN-100561,PN-200561,19,disposed
HW0562,Office Chair 562,Furniture,Office Chair,Room 3,IKEA,2019,SN-100562,PN-200562,6,reserved
HW0563,UPS 563,Hardware,UPS,Branch A,APC,2020,SN-100563,PN-200563,20,available
HW0564,Storage 564,Hardware,Storage,Data Center,Synology,2024,SN-100564,PN-200564,9,disposed
HW0565,Projector 565,Electronics,Projector,Office B,Epson,2019,SN-100565,PN-200565,13,in use
HW0566,Office Chair 566,Furniture,Office Chair,HQ,IKEA,2020,SN-100566,PN-200566,13,in use
HW0567,Laptop 567,Hardware,Laptop,Warehouse,Lenovo,2021,SN-100567,PN-200567,2,reserved
HW0568,Projector 568,Electronics,Projector,Branch B,Epson,2022,SN-100568,PN-200568,15,in use
HW0569,Motorcycle 569,Vehicle,Motorcycle,HQ,Honda,2023,SN-100569,PN-200569,14,disposed
HW0570,Motorcycle 570,Vehicle,Motorcycle,Branch A,Honda,2018,SN-100570,PN-200570,6,disposed
HW0571,Cabinet 571,Furniture,Cabinet,Room 1,Steelcase,2022,SN-100571,PN-200571,7,maintenance
HW0572,Projector 572,Electronics,Projector,Warehouse,Epson,2020,SN-100572,PN-200572,4,in use
HW0573,Cabinet 573,Furniture,Cabinet,Room 3,Steelcase,2023,SN-100573,PN-200573,9,in use
HW0574,Projector 574,Electronics,Projector,Room 1,Epson,2023,SN-100574,PN-200574,13,in use
HW0575,Storage 575,Hardware,Storage,Room 1,Synology,2025,SN-100575,PN-200575,2,in use
HW0576,Server 576,Hardware,Server,HQ,Dell,2018,SN-100576,PN-200576,18,available
HW0577,Firewall 577,Hardware,Firewall,Branch A,Fortinet,2025,SN-100577,PN-200577,17,in use
HW0578,Motorcycle 578,Vehicle,Motorcycle,Room 1,Honda,2017,SN-100578,PN-200578,9,disposed
HW0579,Meeting Table 579,Furniture,Meeting Table,Room 1,IKEA,2025,SN-100579,PN-200579,9,available
HW0580,Switch 580,Network,Switch,Branch A,Cisco,2021,SN-100580,PN-200580,11,reserved
HW0581,Car 581,Vehicle,Car,HQ,Toyota,2017,SN-100581,PN-200581,6,maintenance
HW0582,Motorcycle 582,Vehicle,Motorcycle,Office A,Honda,2021,SN-100582,PN-200582,19,disposed
HW0583,Router 583,Hardware,Router,Data Center,Cisco,2022,SN-100583,PN-200583,14,reserved
HW0584,Firewall 584,Network,Firewall,Branch B,Fortinet,2021,SN-100584,PN-200584,11,disposed
HW0585,Switch 585,Hardware,Switch,Warehouse,Cisco,2020,SN-100585,PN-200585,13,maintenance
HW0586,Van 586,Vehicle,Van,HQ,Nissan,2025,SN-100586,PN-200586,16,reserved
HW0587,Switch 587,Hardware,Switch,Branch B,Cisco,2021,SN-100587,PN-200587,17,disposed
HW0588,Motorcycle 588,Vehicle,Motorcycle,Office A,Honda,2021,SN-100588,PN-200588,3,available
HW0589,Scanner 589,Electronics,Scanner,Room 3,Canon,2019,SN-100589,PN-200589,18,in use
HW0590,Firewall 590,Network,Firewall,Branch B,Fortinet,2020,SN-100590,PN-200590,14,available
HW0591,Switch 591,Hardware,Switch,Branch A,Cisco,2017,SN-100591,PN-200591,7,in use
HW0592,Office Chair 592,Furniture,Office Chair,Room 2,IKEA,2019,SN-100592,PN-200592,4,disposed
HW0593,UPS 593,Hardware,UPS,HQ,APC,2022,SN-100593,PN-200593,15,disposed
HW0594,Cabinet 594,Furniture,Cabinet,HQ,Steelcase,2023,SN-100594,PN-200594,2,in use
HW0595,Router 595,Network,Router,Office B,MikroTik,2024,SN-100595,PN-200595,19,maintenance
HW0596,Desktop 596,Hardware,Desktop,Data Center,HP,2024,SN-100596,PN-200596,12,available
HW0597,Server 597,Hardware,Server,Room 3,Dell,2025,SN-100597,PN-200597,1,in use
HW0598,Server 598,Hardware,Server,Branch B,Dell,2016,SN-100598,PN-200598,5,reserved
HW0599,Projector 599,Electronics,Projector,Room 2,Epson,2016,SN-100599,PN-200599,13,in use
HW0600,Router 600,Network,Router,Office B,MikroTik,2019,SN-100600,PN-200600,9,disposed
HW0601,Van 601,Vehicle,Van,Warehouse,Nissan,2025,SN-100601,PN-200601,12,reserved
HW0602,Switch 602,Hardware,Switch,Data Center,Cisco,2025,SN-100602,PN-200602,4,in use
HW0603,Camera 603,Electronics,Camera,Office A,Sony,2018,SN-100603,PN-200603,5,in use
HW0604,Firewall 604,Network,Firewall,Branch A,Fortinet,2021,SN-100604,PN-200604,12,available
HW0605,Television 605,Electronics,Television,Room 1,Samsung,2016,SN-100605,PN-200605,11,available
HW0606,Cabinet 606,Furniture,Cabinet,Branch A,Steelcase,2024,SN-100606,PN-200606,8,available
HW0607,Van 607,Vehicle,Van,Office B,Nissan,2023,SN-100607,PN-200607,12,available
HW0608,Firewall 608,Hardware,Firewall,Data Center,Fortinet,2022,SN-100608,PN-200608,3,maintenance
HW0609,Cabinet 609,Furniture,Cabinet,Room 3,Steelcase,2020,SN-100609,PN-200609,20,disposed
HW0610,Car 610,Vehicle,Car,Branch B,Toyota,2020,SN-100610,PN-200610,20,in use
HW0611,Projector 611,Electronics,Projector,Warehouse,Epson,2021,SN-100611,PN-200611,20,in use
HW0612,Projector 612,Electronics,Projector,Branch B,Epson,2021,SN-100612,PN-200612,10,available
HW0613,Desk 613,Furniture,Desk,Data Center,IKEA,2018,SN-100613,PN-200613,5,maintenance
HW0614,Projector 614,Electronics,Projector,Branch A,Epson,2016,SN-100614,PN-200614,19,reserved
HW0615,Cabinet 615,Furniture,Cabinet,HQ,Steelcase,2016,SN-100615,PN-200615,6,available
HW0616,Motorcycle 616,Vehicle,Motorcycle,HQ,Honda,2016,SN-100616,PN-200616,7,maintenance
HW0617,Television 617,Electronics,Television,Room 3,Samsung,2017,SN-100617,PN-200617,17,reserved
HW0618,Router 618,Hardware,Router,HQ,Cisco,2024,SN-100618,PN-200618,2,disposed
HW0619,Access Point 619,Network,Access Point,Branch A,Ubiquiti,2019,SN-100619,PN-200619,13,in use
HW0620,Printer 620,Hardware,Printer,Branch A,Canon,2019,SN-100620,PN-200620,12,reserved
HW0621,Television 621,Electronics,Television,Room 2,Samsung,2019,SN-100621,PN-200621,14,available
HW0622,Monitor 622,Hardware,Monitor,HQ,Samsung,2017,SN-100622,PN-200622,3,disposed
HW0623,Desktop 623,Hardware,Desktop,Warehouse,HP,2023,SN-100623,PN-200623,19,reserved
HW0624,Storage 624,Hardware,Storage,HQ,Synology,2023,SN-100624,PN-200624,13,maintenance
HW0625,Desk 625,Furniture,Desk,Room 1,IKEA,2023,SN-100625,PN-200625,2,in use
HW0626,Car 626,Vehicle,Car,Office B,Toyota,2017,SN-100626,PN-200626,7,available
HW0627,Scanner 627,Electronics,Scanner,Room 2,Canon,2019,SN-100627,PN-200627,1,disposed
HW0628,Motorcycle 628,Vehicle,Motorcycle,Branch A,Honda,2020,SN-100628,PN-200628,12,in use
HW0629,Motorcycle 629,Vehicle,Motorcycle,Data Center,Honda,2017,SN-100629,PN-200629,5,available
HW0630,Desk 630,Furniture,Desk,Office A,IKEA,2019,SN-100630,PN-200630,12,in use
HW0631,Television 631,Electronics,Television,Branch A,Samsung,2025,SN-100631,PN-200631,19,maintenance
HW0632,Car 632,Vehicle,Car,Branch B,Toyota,2025,SN-100632,PN-200632,5,reserved
HW0633,Server 633,Hardware,Server,Room 2,Dell,2022,SN-100633,PN-200633,5,reserved
HW0634,Firewall 634,Network,Firewall,Data Center,Fortinet,2025,SN-100634,PN-200634,8,available
HW0635,Camera 635,Electronics,Camera,Room 3,Sony,2017,SN-100635,PN-200635,6,maintenance
HW0636,Office Chair 636,Furniture,Office Chair,HQ,IKEA,2023,SN-100636,PN-200636,14,available
HW0637,Firewall 637,Network,Firewall,Warehouse,Fortinet,2019,SN-100637,PN-200637,6,disposed
HW0638,Motorcycle 638,Vehicle,Motorcycle,Room 1,Honda,2024,SN-100638,PN-200638,7,disposed
HW0639,Van 639,Vehicle,Van,Room 2,Nissan,2023,SN-100639,PN-200639,10,maintenance
HW0640,Van 640,Vehicle,Van,Warehouse,Nissan,2025,SN-100640,PN-200640,18,reserved
HW0641,Television 641,Electronics,Television,Office B,Samsung,2022,SN-100641,PN-200641,19,in use
HW0642,Van 642,Vehicle,Van,Office A,Nissan,2016,SN-100642,PN-200642,7,in use
HW0643,Office Chair 643,Furniture,Office Chair,Branch B,IKEA,2021,SN-100643,PN-200643,13,reserved
HW0644,Van 644,Vehicle,Van,Warehouse,Nissan,2018,SN-100644,PN-200644,14,in use
HW0645,Scanner 645,Electronics,Scanner,Office B,Canon,2017,SN-100645,PN-200645,12,reserved
HW0646,Television 646,Electronics,Television,Branch B,Samsung,2019,SN-100646,PN-200646,11,disposed
HW0647,Television 647,Electronics,Television,Room 2,Samsung,2022,SN-100647,PN-200647,2,in use
HW0648,Motorcycle 648,Vehicle,Motorcycle,Branch A,Honda,2017,SN-100648,PN-200648,1,disposed
HW0649,Printer 649,Hardware,Printer,Office A,Canon,2025,SN-100649,PN-200649,13,disposed
HW0650,Switch 650,Network,Switch,Branch A,Cisco,2022,SN-100650,PN-200650,18,in use
HW0651,Car 651,Vehicle,Car,Data Center,Toyota,2023,SN-100651,PN-200651,20,in use
HW0652,Office Chair 652,Furniture,Office Chair,Warehouse,IKEA,2018,SN-100652,PN-200652,4,maintenance
HW0653,Storage 653,Hardware,Storage,Branch B,Synology,2017,SN-100653,PN-200653,4,in use
HW0654,Car 654,Vehicle,Car,Data Center,Toyota,2020,SN-100654,PN-200654,10,available
HW0655,Router 655,Network,Router,HQ,MikroTik,2018,SN-100655,PN-200655,10,maintenance
HW0656,Desktop 656,Hardware,Desktop,Office B,HP,2024,SN-100656,PN-200656,20,disposed
HW0657,Access Point 657,Network,Access Point,Room 1,Ubiquiti,2021,SN-100657,PN-200657,15,available
HW0658,Cabinet 658,Furniture,Cabinet,HQ,Steelcase,2019,SN-100658,PN-200658,19,disposed
HW0659,Van 659,Vehicle,Van,Room 2,Nissan,2022,SN-100659,PN-200659,10,maintenance
HW0660,Cabinet 660,Furniture,Cabinet,Office A,Steelcase,2020,SN-100660,PN-200660,11,available
HW0661,Router 661,Hardware,Router,Warehouse,Cisco,2024,SN-100661,PN-200661,3,disposed
HW0662,Office Chair 662,Furniture,Office Chair,Room 3,IKEA,2024,SN-100662,PN-200662,18,disposed
HW0663,Firewall 663,Network,Firewall,Office A,Fortinet,2018,SN-100663,PN-200663,9,in use
HW0664,Desk 664,Furniture,Desk,Room 3,IKEA,2024,SN-100664,PN-200664,12,maintenance
HW0665,UPS 665,Hardware,UPS,Room 1,APC,2025,SN-100665,PN-200665,2,available
HW0666,Projector 666,Electronics,Projector,Data Center,Epson,2018,SN-100666,PN-200666,13,disposed
HW0667,Router 667,Network,Router,Office B,MikroTik,2019,SN-100667,PN-200667,2,disposed
HW0668,Scanner 668,Electronics,Scanner,Room 1,Canon,2018,SN-100668,PN-200668,13,disposed
HW0669,Server 669,Hardware,Server,Office A,Dell,2023,SN-100669,PN-200669,20,in use
HW0670,Access Point 670,Network,Access Point,Room 3,Ubiquiti,2022,SN-100670,PN-200670,12,disposed
HW0671,Access Point 671,Network,Access Point,Room 1,Ubiquiti,2021,SN-100671,PN-200671,12,in use
HW0672,Van 672,Vehicle,Van,HQ,Nissan,2025,SN-100672,PN-200672,13,available
HW0673,Motorcycle 673,Vehicle,Motorcycle,Room 2,Honda,2023,SN-100673,PN-200673,20,in use
HW0674,Motorcycle 674,Vehicle,Motorcycle,Warehouse,Honda,2016,SN-100674,PN-200674,9,maintenance
HW0675,Motorcycle 675,Vehicle,Motorcycle,Office B,Honda,2025,SN-100675,PN-200675,2,maintenance
HW0676,UPS 676,Hardware,UPS,HQ,APC,2018,SN-100676,PN-200676,6,disposed
HW0677,Van 677,Vehicle,Van,Data Center,Nissan,2016,SN-100677,PN-200677,13,disposed
HW0678,Switch 678,Network,Switch,Room 2,Cisco,2025,SN-100678,PN-200678,6,disposed
HW0679,Cabinet 679,Furniture,Cabinet,Office B,Steelcase,2017,SN-100679,PN-200679,9,reserved
HW0680,Cabinet 680,Furniture,Cabinet,Office B,Steelcase,2019,SN-100680,PN-200680,8,in use
HW0681,Van 681,Vehicle,Van,Branch B,Nissan,2025,SN-100681,PN-200681,15,in use
HW0682,Office Chair 682,Furniture,Office Chair,Data Center,IKEA,2020,SN-100682,PN-200682,12,maintenance
HW0683,Firewall 683,Network,Firewall,Branch A,Fortinet,2022,SN-100683,PN-200683,13,disposed
HW0684,Camera 684,Electronics,Camera,Room 2,Sony,2020,SN-100684,PN-200684,5,available
HW0685,Switch 685,Network,Switch,Branch B,Cisco,2021,SN-100685,PN-200685,9,reserved
HW0686,Car 686,Vehicle,Car,Warehouse,Toyota,2022,SN-100686,PN-200686,7,maintenance
HW0687,Firewall 687,Hardware,Firewall,Office B,Fortinet,2023,SN-100687,PN-200687,11,disposed
HW0688,Desktop 688,Hardware,Desktop,Room 1,HP,2020,SN-100688,PN-200688,3,available
HW0689,Firewall 689,Network,Firewall,HQ,Fortinet,2018,SN-100689,PN-200689,13,available
HW0690,Printer 690,Hardware,Printer,Room 2,Canon,2016,SN-100690,PN-200690,3,reserved
HW0691,Router 691,Hardware,Router,Room 3,Cisco,2022,SN-100691,PN-200691,16,reserved
HW0692,Firewall 692,Network,Firewall,HQ,Fortinet,2017,SN-100692,PN-200692,12,in use
HW0693,Meeting Table 693,Furniture,Meeting Table,Room 2,IKEA,2024,SN-100693,PN-200693,3,disposed
HW0694,Motorcycle 694,Vehicle,Motorcycle,Room 2,Honda,2023,SN-100694,PN-200694,5,in use
HW0695,Desk 695,Furniture,Desk,Office B,IKEA,2021,SN-100695,PN-200695,9,maintenance
HW0696,Car 696,Vehicle,Car,Office A,Toyota,2016,SN-100696,PN-200696,5,available
HW0697,Switch 697,Network,Switch,Room 3,Cisco,2019,SN-100697,PN-200697,12,available
HW0698,Motorcycle 698,Vehicle,Motorcycle,Room 3,Honda,2020,SN-100698,PN-200698,13,available
HW0699,Car 699,Vehicle,Car,Room 3,Toyota,2022,SN-100699,PN-200699,11,maintenance
HW0700,Meeting Table 700,Furniture,Meeting Table,Office B,IKEA,2016,SN-100700,PN-200700,2,maintenance
HW0701,Car 701,Vehicle,Car,Room 3,Toyota,2024,SN-100701,PN-200701,15,in use
HW0702,Television 702,Electronics,Television,Office A,Samsung,2020,SN-100702,PN-200702,20,in use
HW0703,Car 703,Vehicle,Car,Room 3,Toyota,2019,SN-100703,PN-200703,17,available
HW0704,Meeting Table 704,Furniture,Meeting Table,Room 1,IKEA,2019,SN-100704,PN-200704,11,available
HW0705,Van 705,Vehicle,Van,Branch B,Nissan,2025,SN-100705,PN-200705,12,in use
HW0706,Router 706,Network,Router,Office A,MikroTik,2020,SN-100706,PN-200706,11,in use
HW0707,Firewall 707,Network,Firewall,Office B,Fortinet,2023,SN-100707,PN-200707,13,in use
HW0708,Cabinet 708,Furniture,Cabinet,Data Center,Steelcase,2023,SN-100708,PN-200708,15,maintenance
HW0709,Switch 709,Hardware,Switch,Office B,Cisco,2025,SN-100709,PN-200709,16,reserved
HW0710,Television 710,Electronics,Television,HQ,Samsung,2018,SN-100710,PN-200710,15,in use
HW0711,Firewall 711,Network,Firewall,Data Center,Fortinet,2024,SN-100711,PN-200711,16,available
HW0712,Storage 712,Hardware,Storage,Room 2,Synology,2024,SN-100712,PN-200712,19,reserved
HW0713,Scanner 713,Electronics,Scanner,Branch B,Canon,2021,SN-100713,PN-200713,3,maintenance
HW0714,Storage 714,Hardware,Storage,Room 1,Synology,2021,SN-100714,PN-200714,12,available
HW0715,Switch 715,Hardware,Switch,Office B,Cisco,2024,SN-100715,PN-200715,14,available
HW0716,Car 716,Vehicle,Car,Room 3,Toyota,2025,SN-100716,PN-200716,12,reserved
HW0717,Office Chair 717,Furniture,Office Chair,Office A,IKEA,2025,SN-100717,PN-200717,4,reserved
HW0718,Car 718,Vehicle,Car,Room 3,Toyota,2019,SN-100718,PN-200718,14,maintenance
HW0719,Monitor 719,Hardware,Monitor,Branch A,Samsung,2023,SN-100719,PN-200719,11,maintenance
HW0720,Access Point 720,Network,Access Point,HQ,Ubiquiti,2023,SN-100720,PN-200720,11,maintenance
HW0721,Car 721,Vehicle,Car,Office A,Toyota,2017,SN-100721,PN-200721,12,disposed
HW0722,Office Chair 722,Furniture,Office Chair,Room 1,IKEA,2017,SN-100722,PN-200722,17,maintenance
HW0723,Router 723,Network,Router,Room 1,MikroTik,2019,SN-100723,PN-200723,17,disposed
HW0724,Television 724,Electronics,Television,Warehouse,Samsung,2016,SN-100724,PN-200724,5,reserved
HW0725,Car 725,Vehicle,Car,Data Center,Toyota,2023,SN-100725,PN-200725,16,reserved
HW0726,Access Point 726,Network,Access Point,Warehouse,Ubiquiti,2016,SN-100726,PN-200726,20,reserved
HW0727,Van 727,Vehicle,Van,Branch B,Nissan,2025,SN-100727,PN-200727,10,reserved
HW0728,Camera 728,Electronics,Camera,Branch A,Sony,2024,SN-100728,PN-200728,11,maintenance
HW0729,Motorcycle 729,Vehicle,Motorcycle,Branch A,Honda,2023,SN-100729,PN-200729,8,in use
HW0730,Switch 730,Network,Switch,Room 2,Cisco,2023,SN-100730,PN-200730,19,in use
HW0731,Motorcycle 731,Vehicle,Motorcycle,Office A,Honda,2017,SN-100731,PN-200731,10,maintenance
HW0732,Access Point 732,Network,Access Point,Branch A,Ubiquiti,2023,SN-100732,PN-200732,9,in use
HW0733,Car 733,Vehicle,Car,Room 1,Toyota,2023,SN-100733,PN-200733,15,disposed
HW0734,Access Point 734,Network,Access Point,Branch A,Ubiquiti,2022,SN-100734,PN-200734,11,reserved
HW0735,Camera 735,Electronics,Camera,Office B,Sony,2021,SN-100735,PN-200735,19,in use
HW0736,Van 736,Vehicle,Van,Room 2,Nissan,2017,SN-100736,PN-200736,18,disposed
HW0737,Server 737,Hardware,Server,Room 2,Dell,2016,SN-100737,PN-200737,13,available
HW0738,Firewall 738,Network,Firewall,Office B,Fortinet,2017,SN-100738,PN-200738,9,reserved
HW0739,Switch 739,Network,Switch,Room 1,Cisco,2022,SN-100739,PN-200739,11,available
HW0740,UPS 740,Hardware,UPS,Room 2,APC,2021,SN-100740,PN-200740,17,maintenance
HW0741,Router 741,Hardware,Router,Room 2,Cisco,2024,SN-100741,PN-200741,12,maintenance
HW0742,Television 742,Electronics,Television,Office A,Samsung,2019,SN-100742,PN-200742,16,in use
HW0743,Access Point 743,Network,Access Point,Office A,Ubiquiti,2021,SN-100743,PN-200743,1,disposed
HW0744,Firewall 744,Network,Firewall,Data Center,Fortinet,2016,SN-100744,PN-200744,19,maintenance
HW0745,Car 745,Vehicle,Car,Branch A,Toyota,2023,SN-100745,PN-200745,4,maintenance
HW0746,Switch 746,Hardware,Switch,Office A,Cisco,2019,SN-100746,PN-200746,5,available
HW0747,Desktop 747,Hardware,Desktop,Warehouse,HP,2020,SN-100747,PN-200747,15,available
HW0748,Router 748,Hardware,Router,Office B,Cisco,2018,SN-100748,PN-200748,2,maintenance
HW0749,Firewall 749,Network,Firewall,Warehouse,Fortinet,2023,SN-100749,PN-200749,15,disposed
HW0750,Desk 750,Furniture,Desk,Data Center,IKEA,2024,SN-100750,PN-200750,3,disposed
HW0751,Firewall 751,Network,Firewall,Data Center,Fortinet,2017,SN-100751,PN-200751,2,available
HW0752,Scanner 752,Electronics,Scanner,Room 1,Canon,2025,SN-100752,PN-200752,6,maintenance
HW0753,Storage 753,Hardware,Storage,Data Center,Synology,2021,SN-100753,PN-200753,11,disposed
HW0754,UPS 754,Hardware,UPS,Branch A,APC,2017,SN-100754,PN-200754,1,available
HW0755,Motorcycle 755,Vehicle,Motorcycle,Data Center,Honda,2018,SN-100755,PN-200755,13,disposed
HW0756,Cabinet 756,Furniture,Cabinet,Branch B,Steelcase,2019,SN-100756,PN-200756,18,reserved
HW0757,Storage 757,Hardware,Storage,Office A,Synology,2022,SN-100757,PN-200757,18,available
HW0758,Van 758,Vehicle,Van,Room 3,Nissan,2025,SN-100758,PN-200758,10,reserved
HW0759,Television 759,Electronics,Television,Branch A,Samsung,2023,SN-100759,PN-200759,8,reserved
HW0760,Television 760,Electronics,Television,Data Center,Samsung,2016,SN-100760,PN-200760,5,reserved
HW0761,Router 761,Network,Router,HQ,MikroTik,2021,SN-100761,PN-200761,7,reserved
HW0762,Office Chair 762,Furniture,Office Chair,HQ,IKEA,2022,SN-100762,PN-200762,7,available
HW0763,Monitor 763,Hardware,Monitor,Branch B,Samsung,2016,SN-100763,PN-200763,6,maintenance
HW0764,Car 764,Vehicle,Car,Warehouse,Toyota,2021,SN-100764,PN-200764,1,reserved
HW0765,Motorcycle 765,Vehicle,Motorcycle,Warehouse,Honda,2018,SN-100765,PN-200765,20,available
HW0766,Access Point 766,Network,Access Point,HQ,Ubiquiti,2019,SN-100766,PN-200766,11,disposed
HW0767,Office Chair 767,Furniture,Office Chair,Room 2,IKEA,2025,SN-100767,PN-200767,4,maintenance
HW0768,Switch 768,Hardware,Switch,Office B,Cisco,2024,SN-100768,PN-200768,14,maintenance
HW0769,Server 769,Hardware,Server,Office A,Dell,2017,SN-100769,PN-200769,2,in use
HW0770,Office Chair 770,Furniture,Office Chair,Data Center,IKEA,2023,SN-100770,PN-200770,20,reserved
HW0771,Meeting Table 771,Furniture,Meeting Table,Room 3,IKEA,2019,SN-100771,PN-200771,13,reserved
HW0772,Car 772,Vehicle,Car,Room 3,Toyota,2024,SN-100772,PN-200772,15,available
HW0773,Switch 773,Network,Switch,Room 2,Cisco,2023,SN-100773,PN-200773,17,reserved
HW0774,Desk 774,Furniture,Desk,Room 3,IKEA,2025,SN-100774,PN-200774,13,reserved
HW0775,UPS 775,Hardware,UPS,Room 2,APC,2025,SN-100775,PN-200775,4,reserved
HW0776,Car 776,Vehicle,Car,Office B,Toyota,2017,SN-100776,PN-200776,19,reserved
HW0777,Switch 777,Network,Switch,HQ,Cisco,2024,SN-100777,PN-200777,2,in use
HW0778,Car 778,Vehicle,Car,Branch A,Toyota,2022,SN-100778,PN-200778,4,maintenance
HW0779,Office Chair 779,Furniture,Office Chair,Office A,IKEA,2018,SN-100779,PN-200779,18,disposed
HW0780,Car 780,Vehicle,Car,HQ,Toyota,2024,SN-100780,PN-200780,7,disposed
HW0781,Office Chair 781,Furniture,Office Chair,Office B,IKEA,2025,SN-100781,PN-200781,7,disposed
HW0782,Television 782,Electronics,Television,Office B,Samsung,2018,SN-100782,PN-200782,18,disposed
HW0783,Van 783,Vehicle,Van,Room 1,Nissan,2021,SN-100783,PN-200783,16,reserved
HW0784,Office Chair 784,Furniture,Office Chair,Warehouse,IKEA,2024,SN-100784,PN-200784,6,reserved
HW0785,Router 785,Hardware,Router,Room 1,Cisco,2021,SN-100785,PN-200785,12,available
HW0786,Router 786,Hardware,Router,Room 2,Cisco,2022,SN-100786,PN-200786,13,disposed
HW0787,Laptop 787,Hardware,Laptop,Office A,Lenovo,2017,SN-100787,PN-200787,4,reserved
HW0788,Car 788,Vehicle,Car,Office B,Toyota,2019,SN-100788,PN-200788,2,reserved
HW0789,Camera 789,Electronics,Camera,Data Center,Sony,2025,SN-100789,PN-200789,12,available
HW0790,UPS 790,Hardware,UPS,Room 3,APC,2020,SN-100790,PN-200790,15,maintenance
HW0791,Camera 791,Electronics,Camera,HQ,Sony,2019,SN-100791,PN-200791,13,disposed
HW0792,Router 792,Network,Router,HQ,MikroTik,2021,SN-100792,PN-200792,16,in use
HW0793,Desk 793,Furniture,Desk,Office B,IKEA,2018,SN-100793,PN-200793,5,reserved
HW0794,Cabinet 794,Furniture,Cabinet,HQ,Steelcase,2021,SN-100794,PN-200794,14,available
HW0795,Desktop 795,Hardware,Desktop,Branch A,HP,2025,SN-100795,PN-200795,16,maintenance
HW0796,Router 796,Network,Router,Office A,MikroTik,2024,SN-100796,PN-200796,18,reserved
HW0797,Cabinet 797,Furniture,Cabinet,Room 3,Steelcase,2019,SN-100797,PN-200797,20,available
HW0798,Meeting Table 798,Furniture,Meeting Table,Room 3,IKEA,2024,SN-100798,PN-200798,20,reserved
HW0799,Cabinet 799,Furniture,Cabinet,Branch B,Steelcase,2017,SN-100799,PN-200799,7,disposed
HW0800,Television 800,Electronics,Television,HQ,Samsung,2021,SN-100800,PN-200800,12,disposed
HW0801,Desk 801,Furniture,Desk,Branch A,IKEA,2019,SN-100801,PN-200801,13,in use
HW0802,Camera 802,Electronics,Camera,Room 1,Sony,2018,SN-100802,PN-200802,10,reserved
HW0803,Storage 803,Hardware,Storage,Branch B,Synology,2020,SN-100803,PN-200803,20,in use
HW0804,Switch 804,Hardware,Switch,Branch B,Cisco,2019,SN-100804,PN-200804,7,available
HW0805,Scanner 805,Electronics,Scanner,Branch A,Canon,2025,SN-100805,PN-200805,11,reserved
HW0806,Router 806,Network,Router,HQ,MikroTik,2021,SN-100806,PN-200806,18,reserved
HW0807,Server 807,Hardware,Server,Office B,Dell,2023,SN-100807,PN-200807,5,available
HW0808,Router 808,Network,Router,Room 1,MikroTik,2024,SN-100808,PN-200808,1,maintenance
HW0809,Monitor 809,Hardware,Monitor,Room 1,Samsung,2020,SN-100809,PN-200809,19,available
HW0810,Motorcycle 810,Vehicle,Motorcycle,Room 2,Honda,2019,SN-100810,PN-200810,17,reserved
HW0811,Car 811,Vehicle,Car,Office A,Toyota,2025,SN-100811,PN-200811,9,available
HW0812,Scanner 812,Electronics,Scanner,Office A,Canon,2025,SN-100812,PN-200812,5,reserved
HW0813,Scanner 813,Electronics,Scanner,Branch B,Canon,2025,SN-100813,PN-200813,10,reserved
HW0814,Office Chair 814,Furniture,Office Chair,Office B,IKEA,2021,SN-100814,PN-200814,11,reserved
HW0815,Projector 815,Electronics,Projector,Data Center,Epson,2021,SN-100815,PN-200815,14,available
HW0816,Office Chair 816,Furniture,Office Chair,Data Center,IKEA,2016,SN-100816,PN-200816,2,reserved
HW0817,Cabinet 817,Furniture,Cabinet,Room 1,Steelcase,2019,SN-100817,PN-200817,3,maintenance
HW0818,Car 818,Vehicle,Car,HQ,Toyota,2025,SN-100818,PN-200818,20,in use
HW0819,Scanner 819,Electronics,Scanner,Office A,Canon,2016,SN-100819,PN-200819,13,reserved
HW0820,Motorcycle 820,Vehicle,Motorcycle,Warehouse,Honda,2025,SN-100820,PN-200820,13,maintenance
HW0821,Cabinet 821,Furniture,Cabinet,HQ,Steelcase,2023,SN-100821,PN-200821,20,reserved
HW0822,Camera 822,Electronics,Camera,Room 3,Sony,2019,SN-100822,PN-200822,19,maintenance
HW0823,Desk 823,Furniture,Desk,Office B,IKEA,2023,SN-100823,PN-200823,15,in use
HW0824,Router 824,Network,Router,Office B,MikroTik,2019,SN-100824,PN-200824,16,disposed
HW0825,Switch 825,Network,Switch,HQ,Cisco,2019,SN-100825,PN-200825,15,disposed
HW0826,Router 826,Network,Router,Warehouse,MikroTik,2023,SN-100826,PN-200826,13,maintenance
HW0827,Meeting Table 827,Furniture,Meeting Table,Room 1,IKEA,2018,SN-100827,PN-200827,11,available
HW0828,Cabinet 828,Furniture,Cabinet,Branch A,Steelcase,2018,SN-100828,PN-200828,4,reserved
HW0829,Access Point 829,Network,Access Point,Data Center,Ubiquiti,2024,SN-100829,PN-200829,8,reserved
HW0830,Car 830,Vehicle,Car,HQ,Toyota,2017,SN-100830,PN-200830,11,reserved
HW0831,Television 831,Electronics,Television,Branch B,Samsung,2021,SN-100831,PN-200831,3,disposed
HW0832,Firewall 832,Network,Firewall,Warehouse,Fortinet,2018,SN-100832,PN-200832,1,available
HW0833,Office Chair 833,Furniture,Office Chair,Office A,IKEA,2017,SN-100833,PN-200833,8,in use
HW0834,Switch 834,Network,Switch,Office A,Cisco,2024,SN-100834,PN-200834,3,available
HW0835,Server 835,Hardware,Server,Room 1,Dell,2017,SN-100835,PN-200835,4,disposed
HW0836,Router 836,Hardware,Router,Room 3,Cisco,2020,SN-100836,PN-200836,4,in use
HW0837,Cabinet 837,Furniture,Cabinet,Room 3,Steelcase,2018,SN-100837,PN-200837,4,maintenance
HW0838,Desk 838,Furniture,Desk,Room 2,IKEA,2022,SN-100838,PN-200838,1,available
HW0839,Camera 839,Electronics,Camera,HQ,Sony,2022,SN-100839,PN-200839,19,in use
HW0840,Laptop 840,Hardware,Laptop,Office B,Lenovo,2019,SN-100840,PN-200840,3,in use
HW0841,Meeting Table 841,Furniture,Meeting Table,Data Center,IKEA,2021,SN-100841,PN-200841,8,available
HW0842,Switch 842,Network,Switch,Office B,Cisco,2017,SN-100842,PN-200842,11,reserved
HW0843,Scanner 843,Electronics,Scanner,Room 3,Canon,2024,SN-100843,PN-200843,4,in use
HW0844,Router 844,Network,Router,Office B,MikroTik,2019,SN-100844,PN-200844,4,in use
HW0845,Firewall 845,Network,Firewall,Branch A,Fortinet,2025,SN-100845,PN-200845,13,reserved
HW0846,Access Point 846,Network,Access Point,Branch A,Ubiquiti,2019,SN-100846,PN-200846,16,in use
HW0847,Projector 847,Electronics,Projector,Room 3,Epson,2022,SN-100847,PN-200847,5,disposed
HW0848,Access Point 848,Network,Access Point,Office B,Ubiquiti,2024,SN-100848,PN-200848,13,reserved
HW0849,Desk 849,Furniture,Desk,Room 2,IKEA,2019,SN-100849,PN-200849,7,available
HW0850,Television 850,Electronics,Television,Office B,Samsung,2022,SN-100850,PN-200850,1,reserved
HW0851,Router 851,Network,Router,Branch A,MikroTik,2021,SN-100851,PN-200851,4,available
HW0852,Meeting Table 852,Furniture,Meeting Table,Room 1,IKEA,2021,SN-100852,PN-200852,8,disposed
HW0853,Firewall 853,Hardware,Firewall,Data Center,Fortinet,2020,SN-100853,PN-200853,9,available
HW0854,Monitor 854,Hardware,Monitor,HQ,Samsung,2022,SN-100854,PN-200854,2,disposed
HW0855,Desk 855,Furniture,Desk,Warehouse,IKEA,2018,SN-100855,PN-200855,9,reserved
HW0856,Desk 856,Furniture,Desk,Office B,IKEA,2019,SN-100856,PN-200856,2,maintenance
HW0857,Camera 857,Electronics,Camera,Warehouse,Sony,2016,SN-100857,PN-200857,9,reserved
HW0858,Router 858,Network,Router,Room 1,MikroTik,2021,SN-100858,PN-200858,10,in use
HW0859,Monitor 859,Hardware,Monitor,Room 1,Samsung,2016,SN-100859,PN-200859,12,reserved
HW0860,Switch 860,Network,Switch,Warehouse,Cisco,2021,SN-100860,PN-200860,7,disposed
HW0861,Van 861,Vehicle,Van,Warehouse,Nissan,2023,SN-100861,PN-200861,10,available
HW0862,Laptop 862,Hardware,Laptop,HQ,Lenovo,2019,SN-100862,PN-200862,1,in use
HW0863,Van 863,Vehicle,Van,Room 2,Nissan,2024,SN-100863,PN-200863,9,in use
HW0864,Router 864,Hardware,Router,Warehouse,Cisco,2016,SN-100864,PN-200864,12,disposed
HW0865,Router 865,Network,Router,Room 3,MikroTik,2019,SN-100865,PN-200865,7,reserved
HW0866,Meeting Table 866,Furniture,Meeting Table,Office B,IKEA,2019,SN-100866,PN-200866,17,maintenance
HW0867,Switch 867,Network,Switch,Room 2,Cisco,2023,SN-100867,PN-200867,13,disposed
HW0868,Storage 868,Hardware,Storage,Warehouse,Synology,2018,SN-100868,PN-200868,12,in use
HW0869,Motorcycle 869,Vehicle,Motorcycle,Office B,Honda,2019,SN-100869,PN-200869,18,reserved
HW0870,Laptop 870,Hardware,Laptop,Warehouse,Lenovo,2023,SN-100870,PN-200870,5,reserved
HW0871,Camera 871,Electronics,Camera,Data Center,Sony,2023,SN-100871,PN-200871,7,available
HW0872,Switch 872,Hardware,Switch,Branch B,Cisco,2023,SN-100872,PN-200872,6,maintenance
HW0873,Meeting Table 873,Furniture,Meeting Table,Room 3,IKEA,2019,SN-100873,PN-200873,14,maintenance
HW0874,Monitor 874,Hardware,Monitor,Branch B,Samsung,2020,SN-100874,PN-200874,20,in use
HW0875,Camera 875,Electronics,Camera,Data Center,Sony,2019,SN-100875,PN-200875,9,in use
HW0876,Router 876,Network,Router,Warehouse,MikroTik,2016,SN-100876,PN-200876,2,available
HW0877,UPS 877,Hardware,UPS,Warehouse,APC,2018,SN-100877,PN-200877,1,reserved
HW0878,Switch 878,Hardware,Switch,Warehouse,Cisco,2019,SN-100878,PN-200878,5,disposed
HW0879,Firewall 879,Network,Firewall,Room 2,Fortinet,2021,SN-100879,PN-200879,18,maintenance
HW0880,Desk 880,Furniture,Desk,Branch B,IKEA,2024,SN-100880,PN-200880,10,in use
HW0881,Scanner 881,Electronics,Scanner,Room 3,Canon,2024,SN-100881,PN-200881,15,reserved
HW0882,Router 882,Network,Router,HQ,MikroTik,2025,SN-100882,PN-200882,8,disposed
HW0883,Car 883,Vehicle,Car,Room 1,Toyota,2017,SN-100883,PN-200883,11,in use
HW0884,Cabinet 884,Furniture,Cabinet,Room 3,Steelcase,2022,SN-100884,PN-200884,4,reserved
HW0885,Motorcycle 885,Vehicle,Motorcycle,Branch A,Honda,2018,SN-100885,PN-200885,18,disposed
HW0886,Camera 886,Electronics,Camera,Branch A,Sony,2020,SN-100886,PN-200886,8,in use
HW0887,Desk 887,Furniture,Desk,Data Center,IKEA,2020,SN-100887,PN-200887,8,disposed
HW0888,UPS 888,Hardware,UPS,Branch B,APC,2020,SN-100888,PN-200888,13,maintenance
HW0889,Office Chair 889,Furniture,Office Chair,Room 2,IKEA,2017,SN-100889,PN-200889,20,in use
HW0890,Access Point 890,Network,Access Point,Room 1,Ubiquiti,2025,SN-100890,PN-200890,15,disposed
HW0891,Television 891,Electronics,Television,Branch B,Samsung,2019,SN-100891,PN-200891,2,disposed
HW0892,Switch 892,Network,Switch,Room 3,Cisco,2024,SN-100892,PN-200892,12,maintenance
HW0893,Desk 893,Furniture,Desk,Data Center,IKEA,2022,SN-100893,PN-200893,7,reserved
HW0894,Firewall 894,Network,Firewall,HQ,Fortinet,2017,SN-100894,PN-200894,17,in use
HW0895,Office Chair 895,Furniture,Office Chair,Room 1,IKEA,2018,SN-100895,PN-200895,11,disposed
HW0896,Projector 896,Electronics,Projector,Room 3,Epson,2018,SN-100896,PN-200896,7,reserved
HW0897,Switch 897,Network,Switch,HQ,Cisco,2017,SN-100897,PN-200897,4,disposed
HW0898,Router 898,Network,Router,Branch B,MikroTik,2020,SN-100898,PN-200898,16,disposed
HW0899,Switch 899,Network,Switch,Data Center,Cisco,2016,SN-100899,PN-200899,14,in use
HW0900,Switch 900,Network,Switch,Room 2,Cisco,2025,SN-100900,PN-200900,3,in use
HW0901,Firewall 901,Network,Firewall,Room 1,Fortinet,2019,SN-100901,PN-200901,12,reserved
HW0902,Television 902,Electronics,Television,Room 2,Samsung,2023,SN-100902,PN-200902,9,reserved
HW0903,Meeting Table 903,Furniture,Meeting Table,Room 2,IKEA,2020,SN-100903,PN-200903,9,reserved
HW0904,Desk 904,Furniture,Desk,Branch B,IKEA,2022,SN-100904,PN-200904,5,reserved
HW0905,Motorcycle 905,Vehicle,Motorcycle,Room 3,Honda,2024,SN-100905,PN-200905,11,available
HW0906,Router 906,Network,Router,Office B,MikroTik,2019,SN-100906,PN-200906,8,available
HW0907,Desktop 907,Hardware,Desktop,Branch A,HP,2016,SN-100907,PN-200907,8,reserved
HW0908,Desktop 908,Hardware,Desktop,Warehouse,HP,2018,SN-100908,PN-200908,4,maintenance
HW0909,Switch 909,Network,Switch,Branch A,Cisco,2025,SN-100909,PN-200909,4,reserved
HW0910,Motorcycle 910,Vehicle,Motorcycle,Room 1,Honda,2019,SN-100910,PN-200910,12,in use
HW0911,Storage 911,Hardware,Storage,HQ,Synology,2020,SN-100911,PN-200911,14,in use
HW0912,Meeting Table 912,Furniture,Meeting Table,Warehouse,IKEA,2024,SN-100912,PN-200912,10,available
HW0913,Switch 913,Network,Switch,Room 1,Cisco,2019,SN-100913,PN-200913,14,maintenance
HW0914,Car 914,Vehicle,Car,Branch B,Toyota,2025,SN-100914,PN-200914,13,maintenance
HW0915,Television 915,Electronics,Television,Office A,Samsung,2025,SN-100915,PN-200915,17,reserved
HW0916,Meeting Table 916,Furniture,Meeting Table,Data Center,IKEA,2021,SN-100916,PN-200916,6,maintenance
HW0917,Storage 917,Hardware,Storage,Room 1,Synology,2021,SN-100917,PN-200917,18,in use
HW0918,Meeting Table 918,Furniture,Meeting Table,Branch A,IKEA,2016,SN-100918,PN-200918,12,disposed
HW0919,Van 919,Vehicle,Van,Office A,Nissan,2022,SN-100919,PN-200919,6,in use
HW0920,Laptop 920,Hardware,Laptop,Branch A,Lenovo,2017,SN-100920,PN-200920,1,reserved
HW0921,Projector 921,Electronics,Projector,Branch A,Epson,2018,SN-100921,PN-200921,17,reserved
HW0922,Desk 922,Furniture,Desk,Data Center,IKEA,2021,SN-100922,PN-200922,18,disposed
HW0923,Desk 923,Furniture,Desk,HQ,IKEA,2023,SN-100923,PN-200923,10,maintenance
HW0924,Projector 924,Electronics,Projector,Branch B,Epson,2023,SN-100924,PN-200924,14,disposed
HW0925,Scanner 925,Electronics,Scanner,Office A,Canon,2016,SN-100925,PN-200925,3,maintenance
HW0926,Scanner 926,Electronics,Scanner,HQ,Canon,2018,SN-100926,PN-200926,13,maintenance
HW0927,Server 927,Hardware,Server,Branch B,Dell,2017,SN-100927,PN-200927,16,maintenance
HW0928,Access Point 928,Network,Access Point,Room 1,Ubiquiti,2020,SN-100928,PN-200928,11,disposed
HW0929,Monitor 929,Hardware,Monitor,Office A,Samsung,2021,SN-100929,PN-200929,9,in use
HW0930,Van 930,Vehicle,Van,Room 2,Nissan,2023,SN-100930,PN-200930,14,disposed
HW0931,Router 931,Network,Router,Office A,MikroTik,2021,SN-100931,PN-200931,6,disposed
HW0932,Motorcycle 932,Vehicle,Motorcycle,Office A,Honda,2019,SN-100932,PN-200932,15,disposed
HW0933,Switch 933,Network,Switch,Room 1,Cisco,2022,SN-100933,PN-200933,12,disposed
HW0934,Server 934,Hardware,Server,Data Center,Dell,2017,SN-100934,PN-200934,5,available
HW0935,Server 935,Hardware,Server,Room 3,Dell,2019,SN-100935,PN-200935,15,in use
HW0936,Television 936,Electronics,Television,HQ,Samsung,2024,SN-100936,PN-200936,12,reserved
HW0937,Camera 937,Electronics,Camera,Office B,Sony,2017,SN-100937,PN-200937,14,disposed
HW0938,Server 938,Hardware,Server,Office B,Dell,2021,SN-100938,PN-200938,12,maintenance
HW0939,Office Chair 939,Furniture,Office Chair,Room 1,IKEA,2023,SN-100939,PN-200939,20,available
HW0940,Switch 940,Network,Switch,Room 1,Cisco,2021,SN-100940,PN-200940,1,disposed
HW0941,Firewall 941,Network,Firewall,HQ,Fortinet,2020,SN-100941,PN-200941,15,disposed
HW0942,Office Chair 942,Furniture,Office Chair,HQ,IKEA,2025,SN-100942,PN-200942,14,in use
HW0943,UPS 943,Hardware,UPS,Room 3,APC,2016,SN-100943,PN-200943,19,reserved
HW0944,Scanner 944,Electronics,Scanner,Branch B,Canon,2018,SN-100944,PN-200944,18,reserved
HW0945,Camera 945,Electronics,Camera,Office A,Sony,2016,SN-100945,PN-200945,15,disposed
HW0946,Motorcycle 946,Vehicle,Motorcycle,Room 2,Honda,2025,SN-100946,PN-200946,14,reserved
HW0947,Storage 947,Hardware,Storage,Data Center,Synology,2021,SN-100947,PN-200947,16,in use
HW0948,Cabinet 948,Furniture,Cabinet,Office B,Steelcase,2024,SN-100948,PN-200948,14,maintenance
HW0949,Switch 949,Hardware,Switch,Warehouse,Cisco,2020,SN-100949,PN-200949,16,available
HW0950,Monitor 950,Hardware,Monitor,Room 2,Samsung,2025,SN-100950,PN-200950,11,reserved
HW0951,Cabinet 951,Furniture,Cabinet,Data Center,Steelcase,2021,SN-100951,PN-200951,5,reserved
HW0952,Office Chair 952,Furniture,Office Chair,Data Center,IKEA,2019,SN-100952,PN-200952,4,in use
HW0953,Cabinet 953,Furniture,Cabinet,Warehouse,Steelcase,2017,SN-100953,PN-200953,16,disposed
HW0954,Television 954,Electronics,Television,Data Center,Samsung,2016,SN-100954,PN-200954,15,available
HW0955,Car 955,Vehicle,Car,Room 3,Toyota,2024,SN-100955,PN-200955,4,reserved
HW0956,Switch 956,Network,Switch,Room 1,Cisco,2022,SN-100956,PN-200956,1,in use
HW0957,Monitor 957,Hardware,Monitor,Room 2,Samsung,2020,SN-100957,PN-200957,19,disposed
HW0958,Scanner 958,Electronics,Scanner,Branch B,Canon,2019,SN-100958,PN-200958,3,maintenance
HW0959,UPS 959,Hardware,UPS,Office A,APC,2017,SN-100959,PN-200959,8,disposed
HW0960,Router 960,Network,Router,Branch A,MikroTik,2016,SN-100960,PN-200960,1,reserved
HW0961,Switch 961,Network,Switch,Room 3,Cisco,2019,SN-100961,PN-200961,11,reserved
HW0962,Scanner 962,Electronics,Scanner,Branch A,Canon,2019,SN-100962,PN-200962,2,maintenance
HW0963,Motorcycle 963,Vehicle,Motorcycle,Warehouse,Honda,2017,SN-100963,PN-200963,10,maintenance
HW0964,Van 964,Vehicle,Van,Branch A,Nissan,2024,SN-100964,PN-200964,10,disposed
HW0965,Camera 965,Electronics,Camera,Warehouse,Sony,2022,SN-100965,PN-200965,18,in use
HW0966,Projector 966,Electronics,Projector,Room 2,Epson,2018,SN-100966,PN-200966,20,reserved
HW0967,Meeting Table 967,Furniture,Meeting Table,Warehouse,IKEA,2023,SN-100967,PN-200967,16,available
HW0968,Cabinet 968,Furniture,Cabinet,Branch B,Steelcase,2022,SN-100968,PN-200968,7,maintenance
HW0969,Firewall 969,Network,Firewall,Office B,Fortinet,2016,SN-100969,PN-200969,14,reserved
HW0970,Motorcycle 970,Vehicle,Motorcycle,Branch A,Honda,2016,SN-100970,PN-200970,5,disposed
HW0971,Van 971,Vehicle,Van,Office A,Nissan,2022,SN-100971,PN-200971,18,maintenance
HW0972,Television 972,Electronics,Television,Branch A,Samsung,2023,SN-100972,PN-200972,4,available
HW0973,Television 973,Electronics,Television,HQ,Samsung,2018,SN-100973,PN-200973,13,disposed
HW0974,Motorcycle 974,Vehicle,Motorcycle,Branch A,Honda,2021,SN-100974,PN-200974,20,reserved
HW0975,Router 975,Hardware,Router,Room 3,Cisco,2025,SN-100975,PN-200975,13,reserved
HW0976,Desk 976,Furniture,Desk,Room 2,IKEA,2024,SN-100976,PN-200976,7,reserved
HW0977,Motorcycle 977,Vehicle,Motorcycle,Data Center,Honda,2022,SN-100977,PN-200977,6,reserved
HW0978,Laptop 978,Hardware,Laptop,Office B,Lenovo,2020,SN-100978,PN-200978,5,maintenance
HW0979,Meeting Table 979,Furniture,Meeting Table,Room 1,IKEA,2020,SN-100979,PN-200979,14,maintenance
HW0980,Television 980,Electronics,Television,Room 1,Samsung,2019,SN-100980,PN-200980,3,reserved
HW0981,Switch 981,Network,Switch,Room 2,Cisco,2021,SN-100981,PN-200981,15,reserved
HW0982,Access Point 982,Network,Access Point,Branch B,Ubiquiti,2017,SN-100982,PN-200982,15,in use
HW0983,Router 983,Network,Router,Warehouse,MikroTik,2016,SN-100983,PN-200983,3,available
HW0984,Router 984,Network,Router,Office B,MikroTik,2019,SN-100984,PN-200984,10,reserved
HW0985,Van 985,Vehicle,Van,Room 1,Nissan,2019,SN-100985,PN-200985,1,reserved
HW0986,Scanner 986,Electronics,Scanner,Room 1,Canon,2024,SN-100986,PN-200986,16,in use
HW0987,Motorcycle 987,Vehicle,Motorcycle,Data Center,Honda,2025,SN-100987,PN-200987,12,available
HW0988,Firewall 988,Network,Firewall,Branch A,Fortinet,2021,SN-100988,PN-200988,8,reserved
HW0989,Van 989,Vehicle,Van,Room 3,Nissan,2020,SN-100989,PN-200989,20,maintenance
HW0990,Firewall 990,Network,Firewall,Room 1,Fortinet,2016,SN-100990,PN-200990,2,maintenance
HW0991,Van 991,Vehicle,Van,Room 3,Nissan,2025,SN-100991,PN-200991,1,reserved
HW0992,Car 992,Vehicle,Car,Room 1,Toyota,2020,SN-100992,PN-200992,4,disposed
HW0993,Access Point 993,Network,Access Point,Office A,Ubiquiti,2024,SN-100993,PN-200993,13,reserved
HW0994,Office Chair 994,Furniture,Office Chair,Room 1,IKEA,2022,SN-100994,PN-200994,14,in use
HW0995,Desktop 995,Hardware,Desktop,Warehouse,HP,2016,SN-100995,PN-200995,8,in use
HW0996,Access Point 996,Network,Access Point,Branch A,Ubiquiti,2022,SN-100996,PN-200996,6,disposed
HW0997,Office Chair 997,Furniture,Office Chair,Data Center,IKEA,2017,SN-100997,PN-200997,11,maintenance
HW0998,Desk 998,Furniture,Desk,Data Center,IKEA,2021,SN-100998,PN-200998,1,available
HW0999,Meeting Table 999,Furniture,Meeting Table,Warehouse,IKEA,2023,SN-100999,PN-200999,17,maintenance
HW1000,Cabinet 1000,Furniture,Cabinet,Office B,Steelcase,2023,SN-101000,PN-201000,9,reserved
