Nama Kontrak,,"Maintenance Services for Air Traffic Management Systems in Kota Kinabalu Flight Information Region (KK FIR) Encompassing Sabah and Sarawak 
(CAAM.BKP.400-5/8/24)",,,,,,,,,,,,,,,,,,,,,,,
,,,,,,,,,,,,,,,,,,,,,,,,,
Senarai Penempatan Aset,,,,,,,,,,,,,,,,,,,,,,,,,
Bil,Aset ID,"Kategori Aset 
(Pilih Kategori Yg Disenaraikan Shj)",Jenis Aset,Lokasi,Kuantiti,Vendor,Product,Purchase Year,,,,,,,,,,,,,,,,,
1,ATM-543129,Hardware,STRIP PRINTER,BRO-KK/ATCC K. Kinabalu  - Center,1,IER,Strip Printer 400B2-01,2022,,,,,,,,,,,,,,,,,
2,ATM-543130,Hardware,STRIP PRINTER ,BRO-KK/ATCC K. Kinabalu  - Center,1,IER,Strip Printer 400B2-01,2022,,,,,,,,,,,,,,,,,
3,ATM-543131,Hardware,STRIP PRINTER ,BRO-KK/ATCC K. Kinabalu - NOC Room,1,IER,Strip Printer 400B2-01,2022,,,,,,,,,,,,,,,,,
4,ATM-543132,Hardware,STRIP PRINTER ,BRO-KK/ATCC K. Kinabalu - NOC Room,1,IER,Strip Printer 400B2-01,2022,,,,,,,,,,,,,,,,,
5,ATM-543133,Hardware,SERVER,BRO-KK/ATCC K. Kinabalu - Equipment Room,1,THALES,pLinesE4,2022,,,,,,,,,,,,,,,,,
6,ATM-543134,Hardware,SERVER,BRO-KK/ATCC K. Kinabalu - Equipment Room,1,THALES,pLinesE4,2022,,,,,,,,,,,,,,,,,
7,ATM-543135,Hardware,WORKSTATION,BRO-KK/ATCC K. Kinabalu  - Center,1,HP,Workstation Z4 G4 (HS),2022,,,,,,,,,,,,,,,,,
8,ATM-543136,Hardware,MONITOR,BRO-KK/ATCC K. Kinabalu  - Center,1,EIZO,EIZO,2022,,,,,,,,,,,,,,,,,
9,ATM-543137,Hardware,MONITOR,BRO-KK/ATCC K. Kinabalu  - Center,1,EIZO,EIZO,2022,,,,,,,,,,,,,,,,,
10,ATM-543138,Hardware,WORKSTATION,BRO-KK/ATCC K. Kinabalu  - Center,1,HP,Workstation Z4 G4 (HS),2022,,,,,,,,,,,,,,,,,
11,ATM-543139,Hardware,MONITOR,BRO-KK/ATCC K. Kinabalu  - Center,1,EIZO,EIZO,2022,,,,,,,,,,,,,,,,,
12,ATM-543140,Hardware,MONITOR,BRO-KK/ATCC K. Kinabalu  - Center,1,EIZO,EIZO,2022,,,,,,,,,,,,,,,,,
13,ATM-543141,Hardware,WORKSTATION,BRO-KK/ATCC K. Kinabalu  - Center,1,HP,Workstation Z4 G4 (HS),2022,,,,,,,,,,,,,,,,,
14,ATM-543142,Hardware,MONITOR,BRO-KK/ATCC K. Kinabalu  - Center,1,EIZO,EIZO,2022,,,,,,,,,,,,,,,,,
15,ATM-543143,Hardware,MONITOR,BRO-KK/ATCC K. Kinabalu  - Center,1,EIZO,EIZO,2022,,,,,,,,,,,,,,,,,
16,ATM-543144,Hardware,WORKSTATION,BRO-KK/ATCC K. Kinabalu  - Center,1,HP,Workstation Z4 G4 (HS),2022,,,,,,,,,,,,,,,,,
17,ATM-543145,Hardware,MONITOR,BRO-KK/ATCC K. Kinabalu  - Center,1,EIZO,EIZO,2022,,,,,,,,,,,,,,,,,
18,ATM-543146,Hardware,MONITOR,BRO-KK/ATCC K. Kinabalu  - Center,1,EIZO,EIZO,2022,,,,,,,,,,,,,,,,,
19,ATM-543147,Hardware,WORKSTATION,BRO-KK/ATCC K. Kinabalu  - Center,1,HP,Workstation Z4 G4 (HS),2022,,,,,,,,,,,,,,,,,
20,ATM-543148,Hardware,MONITOR,BRO-KK/ATCC K. Kinabalu  - Center,1,EIZO,EIZO,2022,,,,,,,,,,,,,,,,,
21,ATM-543149,Hardware,MONITOR,BRO-KK/ATCC K. Kinabalu  - Center,1,EIZO,EIZO,2022,,,,,,,,,,,,,,,,,
22,ATM-543150,Hardware,WORKSTATION,BRO-KK/ATCC K. Kinabalu  - Center,1,HP,Workstation Z4 G4 (HS),2022,,,,,,,,,,,,,,,,,
23,ATM-543151,Hardware,MONITOR,BRO-KK/ATCC K. Kinabalu  - Center,1,EIZO,EIZO,2022,,,,,,,,,,,,,,,,,
24,ATM-543152,Hardware,MONITOR,BRO-KK/ATCC K. Kinabalu  - Center,1,EIZO,EIZO,2022,,,,,,,,,,,,,,,,,
25,ATM-543153,Hardware,WORKSTATION,BRO-KK/ATCC K. Kinabalu  - Center,1,HP,Workstation Z4 G4 (HS),2022,,,,,,,,,,,,,,,,,
26,ATM-543154,Hardware,MONITOR,BRO-KK/ATCC K. Kinabalu  - Center,1,EIZO,EIZO,2022,,,,,,,,,,,,,,,,,
27,ATM-543155,Hardware,MONITOR,BRO-KK/ATCC K. Kinabalu  - Center,1,EIZO,EIZO,2022,,,,,,,,,,,,,,,,,
28,ATM-543156,Hardware,WORKSTATION,BRO-KK/ATCC K. Kinabalu  - Center,1,HP,Workstation Z4 G4 (HS),2022,,,,,,,,,,,,,,,,,
29,ATM-543157,Hardware,MONITOR,BRO-KK/ATCC K. Kinabalu  - Center,1,EIZO,EIZO,2022,,,,,,,,,,,,,,,,,
30,ATM-543158,Hardware,MONITOR,BRO-KK/ATCC K. Kinabalu  - Center,1,EIZO,EIZO,2022,,,,,,,,,,,,,,,,,
31,ATM-543159,Hardware,WORKSTATION,BRO-KK/ATCC K. Kinabalu  - Center,1,HP,Workstation Z4 G4 (HS),2022,,,,,,,,,,,,,,,,,
32,ATM-543160,Hardware,WORKSTATION,BRO-KK/ATCC K. Kinabalu - NOC Room,1,HP,Workstation Z4 G4 (HS),2022,,,,,,,,,,,,,,,,,
33,ATM-543161,Hardware,WORKSTATION,BRO-KK/ATCC K. Kinabalu - NOC Room,1,HP,Workstation Z4 G4 (HS),2022,,,,,,,,,,,,,,,,,
34,ATM-543162,Hardware,WORKSTATION,BRO-KK/ATCC K. Kinabalu  - Center,1,HP,Workstation Z4 G4 (HS),2022,,,,,,,,,,,,,,,,,
35,ATM-543163,Hardware,MONITOR,BRO-KK/ATCC K. Kinabalu  - Center,1,EIZO,EIZO,2022,,,,,,,,,,,,,,,,,
36,ATM-543164,Hardware,WORKSTATION,BRO-KK/ATCC K. Kinabalu  - Center,1,HP,Workstation Z4 G4 (HS),2022,,,,,,,,,,,,,,,,,
37,ATM-543165,Hardware,MONITOR,BRO-KK/ATCC K. Kinabalu  - Center,1,EIZO,EIZO,2022,,,,,,,,,,,,,,,,,
38,ATM-543166,Hardware,FIREWALL,BRO-KK/ATCC K. Kinabalu - Equipment Room,1,Fortinet,Fortigate 100E,2022,,,,,,,,,,,,,,,,,
39,ATM-543167,Hardware,FIREWALL,BRO-KK/ATCC K. Kinabalu - Equipment Room,1,Fortinet,Fortigate 100E,2022,,,,,,,,,,,,,,,,,
40,ATM-543168,Hardware,WORKSTATION,BRO-KK/ATCC K. Kinabalu  - Center,1,HP,Workstation Z4 G4 (HS),2022,,,,,,,,,,,,,,,,,
41,ATM-543169,Hardware,MONITOR,BRO-KK/ATCC K. Kinabalu  - Center,1,EIZO,EIZO,2022,,,,,,,,,,,,,,,,,
42,ATM-543170,Hardware,MONITOR,BRO-KK/ATCC K. Kinabalu  - Center,1,EIZO,EIZO,2022,,,,,,,,,,,,,,,,,
43,ATM-543171,Hardware,WORKSTATION,BRO-KK/ATCC K. Kinabalu - Equipment Room,1,HP,HPE ProLiant DL360,2022,,,,,,,,,,,,,,,,,
44,ATM-543172,Hardware,WORKSTATION,BRO-KK/ATCC K. Kinabalu - Equipment Room,1,HP,HPE ProLiant DL360,2022,,,,,,,,,,,,,,,,,
45,ATM-543173,Hardware,WORKSTATION,BRO-KK/ATCC K. Kinabalu - Equipment Room,1,HP,HPE ProLiant DL360,2022,,,,,,,,,,,,,,,,,
46,ATM-543174,Hardware,WORKSTATION,BRO-KK/ATCC K. Kinabalu - Equipment Room,1,HP,HPE ProLiant DL360,2022,,,,,,,,,,,,,,,,,
47,ATM-543175,Hardware,SWITCH,BRO-KK/ATCC K. Kinabalu - Equipment Room,1,CISCO,WS-C3650-24TS-L Catalyst 3650 Switch,2022,,,,,,,,,,,,,,,,,
48,ATM-543176,Hardware,SWITCH,BRO-KK/ATCC K. Kinabalu - Equipment Room,1,CISCO,WS-C3650-24TS-L Catalyst 3650 Switch,2022,,,,,,,,,,,,,,,,,
49,ATM-543177,Hardware,SWITCH,BRO-KK/ATCC K. Kinabalu - Equipment Room,1,CISCO,WS-C3650-24TS-L Catalyst 3650 Switch,2022,,,,,,,,,,,,,,,,,
50,ATM-543178,Hardware,SWITCH,BRO-KK/ATCC K. Kinabalu - Equipment Room,1,CISCO,WS-C3650-24TS-L Catalyst 3650 Switch,2022,,,,,,,,,,,,,,,,,
51,ATM-543179,Hardware,SWITCH,BRO-KK/ATCC K. Kinabalu - Equipment Room,1,CISCO,WS-C3650-24TS-L Catalyst 3650 Switch,2022,,,,,,,,,,,,,,,,,
52,ATM-543180,Hardware,SWITCH,BRO-KK/ATCC K. Kinabalu - Equipment Room,1,CISCO,WS-C3650-24TS-L Catalyst 3650 Switch,2022,,,,,,,,,,,,,,,,,
53,ATM-543181,Hardware,SERVER,BRO-KK/ATCC K. Kinabalu - Equipment Room,1,THALES,pLinesE4,2022,,,,,,,,,,,,,,,,,
54,ATM-543182,Hardware,SPLITTER,BRO-KK/ATCC K. Kinabalu - Equipment Room,1,CesCom,8 Channel RS422 Splitter,2022,,,,,,,,,,,,,,,,,
55,ATM-543183,Hardware,SERVER,BRO-KK/ATCC K. Kinabalu - Equipment Room,1,THALES,pLinesE4,2022,,,,,,,,,,,,,,,,,
56,ATM-543184,Hardware,SPLITTER,BRO-KK/ATCC K. Kinabalu - Equipment Room,1,CesCom,8 Channel RS422 Splitter,2022,,,,,,,,,,,,,,,,,
57,ATM-543185,Hardware,WORKSTATION,BRO-KK/ATCC K. Kinabalu - Equipment Room,1,HP,HPE ProLiant DL380,2022,,,,,,,,,,,,,,,,,
58,ATM-543186,Hardware,TIME SERVER,BRO-KK/ATCC K. Kinabalu - Equipment Room,1,Microsemi,Time Server,2022,,,,,,,,,,,,,,,,,
59,ATM-543187,Hardware,TIME SERVER,BRO-KK/ATCC K. Kinabalu - Equipment Room,1,Microsemi,Time Server,2022,,,,,,,,,,,,,,,,,
60,ATM-543188,Hardware,WORKSTATION,BRO-KK/ATCC K. Kinabalu  - Center,1,HP,Workstation Z4 G4 (HS),2022,,,,,,,,,,,,,,,,,
61,ATM-543189,Hardware,MONITOR,BRO-KK/ATCC K. Kinabalu  - Center,1,EIZO,EIZO,2022,,,,,,,,,,,,,,,,,
62,ATM-543190,Hardware,MONITOR,BRO-KK/ATCC K. Kinabalu  - Center,1,EIZO,EIZO,2022,,,,,,,,,,,,,,,,,
63,ATM-543191,Hardware,WORKSTATION,BRO-KK/ATCC K. Kinabalu  - Center,1,HP,Workstation Z4 G4 (LS),2022,,,,,,,,,,,,,,,,,
64,ATM-543192,Hardware,MONITOR,BRO-KK/ATCC K. Kinabalu  - Center,1,EIZO,EIZO,2022,,,,,,,,,,,,,,,,,
65,ATM-543193,Hardware,WORKSTATION,BRO-KK/ATCC K. Kinabalu - Bilik ARCC,1,HP,Workstation Z4 G4 (HS),2022,,,,,,,,,,,,,,,,,
66,ATM-543194,Hardware,SERVER RACK,BRO-KK/ATCC K. Kinabalu - Equipment Room,1,HP,HPE A642 1075 RACK,2022,,,,,,,,,,,,,,,,,
67,ATM-543195,Hardware,SERVER RACK,BRO-KK/ATCC K. Kinabalu - Equipment Room,1,HP,HPE A642 1075 RACK,2022,,,,,,,,,,,,,,,,,
68,ATM-543196,Hardware,SERVER RACK,BRO-KK/ATCC K. Kinabalu - Equipment Room,1,HP,HPE A642 1075 RACK,2022,,,,,,,,,,,,,,,,,
69,ATM-543197,Hardware,ROUTER,BRO-KK/ATCC K. Kinabalu - Equipment Room,1,CISCO,ISR 4221,2022,,,,,,,,,,,,,,,,,
70,ATM-543198,Hardware,SWITCH,BRO-KK/ATCC K. Kinabalu - Equipment Room,1,CISCO,WS-C3850-24T-E Catalyst 3850 Switch,2022,,,,,,,,,,,,,,,,,
71,ATM-543199,Hardware,SWITCH,BRO-KK/ATCC K. Kinabalu - Equipment Room,1,CISCO,WS-C3850-24T-E Catalyst 3850 Switch,2022,,,,,,,,,,,,,,,,,
72,ATM-543200,Hardware,WORKSTATION,BRO-KK/ATCC K. Kinabalu - Simulator Room,1,Hewlett-Packard Enterprise,Workstation Z4 G4 (HS),2022,,,,,,,,,,,,,,,,,
73,ATM-543201,Hardware,WORKSTATION,BRO-KK/ATCC K. Kinabalu - Simulator Room,1,Hewlett-Packard Enterprise,Workstation Z4 G4 (HS),2022,,,,,,,,,,,,,,,,,
74,ATM-543202,Hardware,WORKSTATION,BRO-KK/ATCC K. Kinabalu - Simulator Room,1,Hewlett-Packard Enterprise,Workstation Z4 G4 (HS),2022,,,,,,,,,,,,,,,,,
75,ATM-543203,Hardware,MONITOR,BRO-KK/ATCC K. Kinabalu - Simulator Room,1,EIZO,"24"" 1K Display",2022,,,,,,,,,,,,,,,,,
76,ATM-543204,Hardware,WORKSTATION,BRO-KK/ATCC K. Kinabalu - Equipment Room,1,HP,HPE ProLiant DL360,2022,,,,,,,,,,,,,,,,,
77,ATM-543205,Hardware,WORKSTATION,BRO-KK/ATCC K. Kinabalu - Equipment Room,1,HP,HPE ProLiant DL360,2022,,,,,,,,,,,,,,,,,
78,ATM-543206,Hardware,WORKSTATION,BRO-KK/ATCC K. Kinabalu - Simulator Room,1,Hewlett-Packard Enterprise,Workstation Z4 G4 (HS),2022,,,,,,,,,,,,,,,,,
79,ATM-543207,Hardware,WORKSTATION,BRO-KK/ATCC K. Kinabalu - Simulator Room,1,Hewlett-Packard Enterprise,Workstation Z4 G4 (HS),2022,,,,,,,,,,,,,,,,,
80,ATM-543208,Hardware,WORKSTATION,BRO-KK/ATCC K. Kinabalu - Simulator Room,1,Hewlett-Packard Enterprise,Workstation Z4 G4 (HS),2022,,,,,,,,,,,,,,,,,
81,ATM-543209,Hardware,WORKSTATION,BRO-KK/ATCC K. Kinabalu - Simulator Room,1,Hewlett-Packard Enterprise,Workstation Z4 G4 (HS),2022,,,,,,,,,,,,,,,,,
82,ATM-543210,Hardware,WORKSTATION,BRO-KK/ATCC K. Kinabalu - Simulator Room,1,Hewlett-Packard Enterprise,Workstation Z4 G4 (LS),2022,,,,,,,,,,,,,,,,,
83,ATM-543211,Hardware,MONITOR,BRO-KK/ATCC K. Kinabalu - Simulator Room,1,EIZO,"24"" 1K Display",2022,,,,,,,,,,,,,,,,,
84,ATM-543212,Hardware,WAVEGUIDE,BRO-KK/ATCC K. Kinabalu - Rooftop,1,NERA,KK 17.7 - 26.5 Flexible Waveguide (FLXT1200PBR220PBRT1) - 1,2022,,,,,,,,,,,,,,,,,
85,ATM-543213,Hardware,WAVEGUIDE,BRO-KK/RADAR K. Kinabalu - RADAR Tower,1,NERA,KK 17.7 - 26.5 Flexible Waveguide (FLXT1200PBR220PBRT1) - 3,2022,,,,,,,,,,,,,,,,,
86,ATM-543214,Hardware,WAVEGUIDE,BRO-KK/RADAR K. Kinabalu - RADAR Tower,1,NERA,KK 17.7 - 26.5 Flexible Waveguide (FLXT1200PBR220PBRT1) - 4,2022,,,,,,,,,,,,,,,,,
87,ATM-543215,Hardware,WAVEGUIDE,BRO-KK/ATCC K. Kinabalu (ATCC Tower),1,NERA,KK 17.7 - 26.5 Flexible Waveguide (FLXT1200PBR220PBRT1) - 2,2022,,,,,,,,,,,,,,,,,
88,ATM-543216,Hardware,COUPLER,BRO-KK/ATCC K. Kinabalu - Rooftop,1,NERA,KK 18GHz ODU HSB Coupler - 1,2022,,,,,,,,,,,,,,,,,
89,ATM-543217,Hardware,COUPLER,BRO-KK/RADAR K. Kinabalu - RADAR Tower,1,NERA,KK 18GHz ODU HSB Coupler - 3,2022,,,,,,,,,,,,,,,,,
90,ATM-543218,Hardware,COUPLER,BRO-KK/RADAR K. Kinabalu - RADAR Tower,1,NERA,KK 18GHz ODU HSB Coupler - 4,2022,,,,,,,,,,,,,,,,,
91,ATM-543219,Hardware,COUPLER,BRO-KK/ATCC K. Kinabalu (ATCC Tower),1,NERA,KK 18GHz ODU HSB Coupler - 2,2022,,,,,,,,,,,,,,,,,
92,ATM-543220,Hardware,AMP BREAKER,BRO-KK/RADAR K. Kinabalu - RADAR Building,1,NERA,KK 32Amp Breaker - 2,2022,,,,,,,,,,,,,,,,,
93,ATM-543221,Hardware,AMP BREAKER,BRO-KK/ATCC K. Kinabalu (ATCC Tower),1,NERA,KK 32Amp Breaker - 1,2022,,,,,,,,,,,,,,,,,
94,ATM-543222,Hardware,FLEXIBLE CORRUGATED CABLE ,BRO-KK/ATCC K. Kinabalu - Rooftop,1,NERA,"KK 50 ohm, N male Connector for 1/2 inch flexible corrugated cable (PN: L4TNNM-PSA)",2022,,,,,,,,,,,,,,,,,
95,ATM-543223,Hardware,FLEXIBLE CORRUGATED CABLE ,BRO-KK/RADAR K. Kinabalu - RADAR Tower,1,NERA,"KK 50 ohm, N male Connector for 1/2 inch flexible corrugated cable - 2",2022,,,,,,,,,,,,,,,,,
96,ATM-543224,Hardware,FLEXIBLE CORRUGATED CABLE ,BRO-KK/ATCC K. Kinabalu (ATCC Tower),1,NERA,"KK 50 ohm, N male Connector for 1/2 inch flexible corrugated cable - 1",2022,,,,,,,,,,,,,,,,,
97,ATM-543225,Hardware,ADS-B ANTENNA,BRO-KK/ATCC K. Kinabalu (ATCC Tower),1,THALES,Omnidirectional Antenna VPOL Excl. O/L 8 -11dB gain,2022,,,,,,,,,,,,,,,,,
98,ATM-543226,Hardware,ADS-B ANTENNA,BRO-KK/ATCC K. Kinabalu (ATCC Tower),1,THALES,Omnidirectional Antenna VPOL Excl. O/L 8 -11dB gain,2022,,,,,,,,,,,,,,,,,
99,ATM-543227,Hardware,AIR CONDITIONING,BRO-KK/ATCC K. Kinabalu - New UPS Room,1,Daikin,Daikin Air Conditioner 2.0 HP,2022,,,,,,,,,,,,,,,,,
100,ATM-543228,Hardware,AIR CONDITIONING,BRO-KK/ATCC K. Kinabalu - New UPS Room,1,Daikin,Daikin Air Conditioner 2.0 HP,2022,,,,,,,,,,,,,,,,,
101,ATM-543229,Hardware,ANTENNA,BRO-KK/ATCC K. Kinabalu - Rooftop,1,NERA,Antenna 18Ghz 06M (SP Integrated) - 1,2022,,,,,,,,,,,,,,,,,
102,ATM-543230,Hardware,ANTENNA,BRO-KK/RADAR K. Kinabalu - RADAR Tower,1,NERA,Antenna 18Ghz 06M (SP Integrated) - 3,2022,,,,,,,,,,,,,,,,,
103,ATM-543231,Hardware,ANTENNA,BRO-KK/RADAR K. Kinabalu - RADAR Tower,1,NERA,Antenna 18Ghz 06M (SP Integrated) - 4,2022,,,,,,,,,,,,,,,,,
104,ATM-543232,Hardware,ANTENNA,BRO-KK/ATCC K. Kinabalu (ATCC Tower),1,NERA,Antenna 18Ghz 06M (SP Integrated) - 2,2022,,,,,,,,,,,,,,,,,
105,ATM-543233,Hardware,ANTENNA,BRO-KK/RADAR K. Kinabalu - RADAR Tower,1,NERA,KK Antenna Mount Structure per set per antenna,2022,,,,,,,,,,,,,,,,,
106,ATM-543234,Hardware,CPMS SERVER,BRO-KK/ATCC K. Kinabalu - Equipment Room,1,THALES,MAGS CPMS Server X10,2022,,,,,,,,,,,,,,,,,
107,ATM-543235,Hardware,CPMS SERVER,BRO-KK/ATCC K. Kinabalu - Equipment Room,1,THALES,MAGS CPMS Server X10,2022,,,,,,,,,,,,,,,,,
108,ATM-543236,Hardware,MICROWAVE BACKHAUL RADIO UNIT (Outdoor Unit / ODU),BRO-KK/RADAR K. Kinabalu - RADAR Tower,1,NERA,"KK EVO XPAND IP+ ODU, 17.7-19.3 GHz, XPIC, T/R spacing 1010 MHz, Lower sub-band. Tx ch All Low Band (TX:17700-18200MHz RX:18710-19220MHz) - 1",2022,,,,,,,,,,,,,,,,,
109,ATM-543237,Hardware,MICROWAVE BACKHAUL RADIO UNIT (Outdoor Unit / ODU),BRO-KK/ATCC K. Kinabalu - Rooftop,1,NERA,"KK EVO XPAND IP+ ODU, 17.7-19.3 GHz, XPIC, T/R spacing 1010 MHz, Lower sub-band. Tx ch All Low Band (TX:17700-18200MHz RX:18710-19220MHz) - 2",2022,,,,,,,,,,,,,,,,,
110,ATM-543238,Hardware,MICROWAVE BACKHAUL RADIO UNIT (Outdoor Unit / ODU),BRO-KK/RADAR K. Kinabalu - RADAR Tower,1,NERA,"KK EVO XPAND IP+ ODU, 17.7-19.3 GHz, XPIC, T/R spacing 1010 MHz, Lower sub-band. Tx ch All Low Band (TX:17700-18200MHz RX:18710-19220MHz) - 4",2022,,,,,,,,,,,,,,,,,
111,ATM-543239,Hardware,MICROWAVE BACKHAUL RADIO UNIT (Outdoor Unit / ODU),BRO-KK/RADAR K. Kinabalu - RADAR Tower,1,NERA,"KK EVO XPAND IP+ ODU, 17.7-19.3 GHz, XPIC, T/R spacing 1010 MHz, Lower sub-band. Tx ch All Low Band"" (TX:18710-19220MHz RX:17700-18200MHz) - 1",2022,,,,,,,,,,,,,,,,,
112,ATM-543240,Hardware,MICROWAVE BACKHAUL RADIO UNIT (Outdoor Unit / ODU),BRO-KK/RADAR K. Kinabalu - RADAR Tower,1,NERA,"KK EVO XPAND IP+ ODU, 17.7-19.3 GHz, XPIC, T/R spacing 1010 MHz, Lower sub-band. Tx ch All Low Band"" (TX:18710-19220MHz RX:17700-18200MHz) - 2",2022,,,,,,,,,,,,,,,,,
113,ATM-543241,Hardware,MICROWAVE BACKHAUL RADIO UNIT (Outdoor Unit / ODU),BRO-KK/ATCC K. Kinabalu - Rooftop,1,NERA,"KK EVO XPAND IP+ ODU, 17.7-19.3 GHz, XPIC, T/R spacing 1010 MHz, Upper sub-band. Tx ch All Low Band"" (TX:18710-19220MHz RX:17700-18200MHz) - 3",2022,,,,,,,,,,,,,,,,,
114,ATM-543242,Hardware,MICROWAVE BACKHAUL RADIO UNIT (Outdoor Unit / ODU),BRO-KK/ATCC K. Kinabalu (ATCC Tower),1,NERA,"KK EVO XPAND IP+ ODU, 17.7-19.3 GHz, XPIC, T/R spacing 1010 MHz, Lower sub-band. Tx ch All Low Band (TX:17700- 18200MHz RX:18710-19220MHz) - 3",2022,,,,,,,,,,,,,,,,,
115,ATM-543243,Hardware,MICROWAVE BACKHAUL RADIO UNIT (Outdoor Unit / ODU),BRO-KK/ATCC K. Kinabalu (ATCC Tower),1,NERA,"KK EVO XPAND IP+ ODU, 17.7-19.3 GHz, XPIC, T/R spacing 1010 MHz, Upper sub-band. Tx ch All Low Band"" (TX:18710- 19220MHz RX:17700-18200MHz) - 4",2022,,,,,,,,,,,,,,,,,
116,ATM-543244,Hardware,TELECOM POWER RECTIFIER SYSTEM RACK MOUNT,BRO-KK/Kota Kinabalu (Equipment Room),1,NERA,KK Eaton 48VDC Power Rectifier Rack Mount System - 1,2022,,,,,,,,,,,,,,,,,
117,ATM-543245,Hardware,TELECOM POWER RECTIFIER SYSTEM RACK MOUNT,BRO-KK/RADAR K. Kinabalu - RADAR Building,1,NERA,KK Eaton 48VDC Power Rectifier Rack Mount System - 3,2022,,,,,,,,,,,,,,,,,
118,ATM-543246,Hardware,TELECOM POWER RECTIFIER SYSTEM RACK MOUNT,BRO-KK/ATCC K. Kinabalu (ATCC Tower) - Equipment Room Level 7,1,NERA,KK Eaton 48VDC Power Rectifier Rack Mount System - 2,2022,,,,,,,,,,,,,,,,,
119,ATM-543247,Hardware,GPS ANTENNA,BRO-KK/ATCC K. Kinabalu (ATCC Tower),1,THALES,GPS-Antenna AT 575-142W TNCF-000-05-36-N,2022,,,,,,,,,,,,,,,,,
120,ATM-543248,Hardware,GPS ANTENNA,BRO-KK/ATCC K. Kinabalu (ATCC Tower),1,THALES,GPS-Antenna AT 575-142W TNCF-000-05-36-N,2022,,,,,,,,,,,,,,,,,
121,ATM-543249,Hardware,GENSET ENGINE,BRO-KK/RADAR K. Kinabalu - RADAR Building,1,Perkins,Genset Engine,2022,,,,,,,,,,,,,,,,,
122,ATM-543250,Hardware,GROUNDING KIT,BRO-KK/ATCC K. Kinabalu - Rooftop,1,NERA,KK Grounding Kit (PN: SG12-06B2A) - 1,2022,,,,,,,,,,,,,,,,,
123,ATM-543251,Hardware,GROUNDING KIT,BRO-KK/RADAR K. Kinabalu - RADAR Tower,1,NERA,KK Grounding Kit (PN: SG12-06B2A) - 3,2022,,,,,,,,,,,,,,,,,
124,ATM-543252,Hardware,GROUNDING KIT,BRO-KK/ATCC K. Kinabalu (ATCC Tower),1,NERA,KK Grounding Kit (PN: SG12-06B2A) - 2,2022,,,,,,,,,,,,,,,,,
125,ATM-543253,Hardware,TNC CONNECTOR,BRO-KK/ATCC K. Kinabalu - Rooftop,1,NERA,KK IFU-ODU Jumper cable. 2.5 m (TNC connectors) - 1,2022,,,,,,,,,,,,,,,,,
126,ATM-543254,Hardware,TNC CONNECTOR,BRO-KK/RADAR K. Kinabalu - RADAR Tower,1,NERA,KK IFU-ODU Jumper cable. 2.5 m (TNC connectors) - 3,2022,,,,,,,,,,,,,,,,,
127,ATM-543255,Hardware,TNC CONNECTOR,BRO-KK/ATCC K. Kinabalu (ATCC Tower),1,NERA,KK IFU-ODU Jumper cable. 2.5 m (TNC connectors) - 2,2022,,,,,,,,,,,,,,,,,
128,ATM-543256,Hardware,MAGS RX1,BRO-KK/ATCC K. Kinabalu (ATCC Tower) - VCR Area Level 8,1,THALES,"MAGS AX680, 1xSPB3 1090, 1xGPS, AC/DC Version",2022,,,,,,,,,,,,,,,,,
129,ATM-543257,Hardware,MAGS RX1 CABINET,BRO-KK/ATCC K. Kinabalu (ATCC Tower) - VCR Area Level 8,1,THALES,Cabinet 9HU EMC Indoor,2022,,,,,,,,,,,,,,,,,
130,ATM-543258,Hardware,MAGS RX1 SWITCH,BRO-KK/ATCC K. Kinabalu (ATCC Tower) - VCR Area Level 8,1,THALES,"Gigabit ETH Switch, 18xRJ45, 2xGBIC, SNMP",2022,,,,,,,,,,,,,,,,,
131,ATM-543259,Hardware,MAGS RX1 UPS,BRO-KK/ATCC K. Kinabalu (ATCC Tower) - VCR Area Level 8,1,THALES,KK MAGS RX1 UPS,2022,,,,,,,,,,,,,,,,,
132,ATM-543260,Hardware,MAGS RX2,BRO-KK/ATCC K. Kinabalu (ATCC Tower) - VCR Area Level 8,1,THALES,"MAGS AX680, 1xSPB3 1090, 1xGPS, AC/DC Version",2022,,,,,,,,,,,,,,,,,
133,ATM-543261,Hardware,MAGS RX2 CABINET,BRO-KK/ATCC K. Kinabalu (ATCC Tower) - VCR Area Level 8,1,THALES,Cabinet 9HU EMC Indoor,2022,,,,,,,,,,,,,,,,,
134,ATM-543262,Hardware,MAGS RX2 SWITCH,BRO-KK/ATCC K. Kinabalu (ATCC Tower) - VCR Area Level 8,1,THALES,"Gigabit ETH Switch, 18xRJ45, 2xGBIC, SNMP",2022,,,,,,,,,,,,,,,,,
135,ATM-543263,Hardware,MAGS RX2 UPS,BRO-KK/ATCC K. Kinabalu (ATCC Tower) - VCR Area Level 8,1,THALES,KK MAGS RX2 UPS,2022,,,,,,,,,,,,,,,,,
136,ATM-543264,Hardware,POWER SUPPLY UNIT,BRO-KK/RADAR K. Kinabalu - RADAR Building,1,THALES,RSM 970,2022,,,,,,,,,,,,,,,,,
137,ATM-543265,Hardware,POWER SUPPLY UNIT,BRO-KK/RADAR K. Kinabalu - RADAR Building,1,THALES,RSM 970,2022,,,,,,,,,,,,,,,,,
138,ATM-543266,Hardware,CABINET,BRO-KK/RADAR K. Kinabalu - RADAR Building,1,THALES,KK RADAR AA2000A SKID,2022,,,,,,,,,,,,,,,,,
139,ATM-543267,Hardware,GR POWER SUPPLY,BRO-KK/RADAR K. Kinabalu - RADAR Building,1,THALES,STAR NG,2022,,,,,,,,,,,,,,,,,
140,ATM-543268,Hardware,GR POWER SUPPLY,BRO-KK/RADAR K. Kinabalu - RADAR Building,1,THALES,STAR NG,2022,,,,,,,,,,,,,,,,,
141,ATM-543269,Hardware,AIR CONDITIONING,BRO-KK/RADAR K. Kinabalu - RADAR Building,1,Daikin,Daikin Air Conditioner 2.5 HP,2022,,,,,,,,,,,,,,,,,
142,ATM-543270,Hardware,AIR CONDITIONING,BRO-KK/RADAR K. Kinabalu - RADAR Building,1,Daikin,Daikin Air Conditioner 1.5 HP,2022,,,,,,,,,,,,,,,,,
143,ATM-543271,Hardware,AIR CONDITIONING,BRO-KK/RADAR K. Kinabalu - RADAR Building,1,Daikin,Daikin Air Conditioner 2.5 HP,2022,,,,,,,,,,,,,,,,,
144,ATM-543272,Hardware,AIR CONDITIONING,BRO-KK/RADAR K. Kinabalu - RADAR Building,1,Daikin,Daikin Air Conditioner 2.5 HP,2022,,,,,,,,,,,,,,,,,
145,ATM-543273,Hardware,AIR CONDITIONING,BRO-KK/RADAR K. Kinabalu - RADAR Building,1,Daikin,Daikin Air Conditioner 2.5 HP,2022,,,,,,,,,,,,,,,,,
146,ATM-543274,Hardware,AIR CONDITIONING,BRO-KK/RADAR K. Kinabalu - RADAR Building,1,Daikin,Daikin Air Conditioner 2.5 HP,2022,,,,,,,,,,,,,,,,,
147,ATM-543275,Hardware,AIR CONDITIONING,BRO-KK/RADAR K. Kinabalu - RADAR Building,1,Daikin,Daikin Air Conditioner 2.5 HP,2022,,,,,,,,,,,,,,,,,
148,ATM-543276,Hardware,AIR CONDITIONING,BRO-KK/RADAR K. Kinabalu - RADAR Building,1,Daikin,Daikin Air Conditioner 1.5 HP,2022,,,,,,,,,,,,,,,,,
149,ATM-543277,Hardware,AIR CONDITIONING,BRO-KK/RADAR K. Kinabalu - RADAR Building,1,Daikin,Daikin Air Conditioner 1.0 HP,2022,,,,,,,,,,,,,,,,,
150,ATM-543278,Hardware,AIR CONDITIONING,BRO-KK/RADAR K. Kinabalu - RADAR Building,1,Daikin,Daikin Air Conditioner 1.5 HP,2022,,,,,,,,,,,,,,,,,
151,ATM-543279,Hardware, RADAR AN 2000,BRO-KK/RADAR K. Kinabalu - RADAR Tower,1,THALES,STAR NG,2022,,,,,,,,,,,,,,,,,
152,ATM-543280,Hardware, RADAR BOARD CCC. AD PRODUCT 4AC A,BRO-KK/RADAR K. Kinabalu - RADAR Building,1,THALES,STAR NG,2022,,,,,,,,,,,,,,,,,
153,ATM-543281,Hardware, RADAR BOARD CCC. AD PRODUCT 4AC B,BRO-KK/RADAR K. Kinabalu - RADAR Building,1,THALES,STAR NG,2022,,,,,,,,,,,,,,,,,
154,ATM-543282,Application, RADAR CBP PRP SOFTWARE,BRO-KK/RADAR K. Kinabalu - RADAR Building,1,THALES,STAR NG,2022,,,,,,,,,,,,,,,,,
155,ATM-543283,Hardware,CCTV,BRO-KK/RADAR K. Kinabalu - RADAR Building,1,Axis Communications,AXIS M2025-LE,2022,,,,,,,,,,,,,,,,,
156,ATM-543284,Hardware,CCTV,BRO-KK/RADAR K. Kinabalu - RADAR Building,1,Axis Communications,AXIS M2025-LE,2022,,,,,,,,,,,,,,,,,
157,ATM-543285,Hardware,CCTV,BRO-KK/RADAR K. Kinabalu - RADAR Building,1,Axis Communications,AXIS M2025-LE,2022,,,,,,,,,,,,,,,,,
158,ATM-543286,Hardware,CCTV,BRO-KK/RADAR K. Kinabalu - RADAR Building,1,Axis Communications,AXIS M2025-LE,2022,,,,,,,,,,,,,,,,,
159,ATM-543287,Hardware,CCTV,BRO-KK/RADAR K. Kinabalu - RADAR Building,1,Axis Communications,AXIS M2025-LE,2022,,,,,,,,,,,,,,,,,
160,ATM-543288,Hardware,CD TECHNICAL DOCUMENTATION,BRO-KK/RADAR K. Kinabalu - RADAR Building,1,THALES,TECHNICAL DOCUMENTATION,2022,,,,,,,,,,,,,,,,,
161,ATM-543289,Hardware, RADAR CENTRE INTERMEDIATE DIVIDER,BRO-KK/RADAR K. Kinabalu - RADAR Tower,1,THALES,RSM 970,2022,,,,,,,,,,,,,,,,,
162,ATM-543290,Hardware, RADAR COLLECTOR,BRO-KK/RADAR K. Kinabalu - RADAR Tower,1,THALES,SLIP RING,2022,,,,,,,,,,,,,,,,,
163,ATM-543291,Hardware,DPC WORKSTATION,BRO-KK/RADAR K. Kinabalu - RADAR Building,1,THALES,DPC WORKSTATION,2022,,,,,,,,,,,,,,,,,
164,ATM-543292,Hardware,DPC WORKSTATION,BRO-KK/RADAR K. Kinabalu - RADAR Building,1,THALES,DPC WORKSTATION,2022,,,,,,,,,,,,,,,,,
165,ATM-543293,Application, RADAR DVDROM CBP RSM CIRIUS,BRO-KK/RADAR K. Kinabalu - RADAR Building,1,THALES,RSM 970,2022,,,,,,,,,,,,,,,,,
166,ATM-543294,Hardware, RADAR ENCODER A,BRO-KK/RADAR K. Kinabalu - RADAR Tower,1,THALES,ENCODER,2022,,,,,,,,,,,,,,,,,
167,ATM-543295,Hardware, RADAR ENCODER B,BRO-KK/RADAR K. Kinabalu - RADAR Tower,1,THALES,ENCODER,2022,,,,,,,,,,,,,,,,,
168,ATM-543296,Hardware,FIRE EXTINGUISHER,BRO-KK/RADAR K. Kinabalu - RADAR Building,1,-,KK RADAR EQUIPMENT FIREFIGHTING SYSTEM,2022,,,,,,,,,,,,,,,,,
169,ATM-543297,Hardware,RADAR SSR ANTENNA,BRO-KK/RADAR K. Kinabalu - RADAR Tower,1,THALES,RSM 970,2022,,,,,,,,,,,,,,,,,
170,ATM-543298,Hardware,RADAR SSR ANTENNA,BRO-KK/RADAR K. Kinabalu - RADAR Tower,1,THALES,RSM 970,2022,,,,,,,,,,,,,,,,,
171,ATM-543299,Hardware,RADAR SSR ANTENNA,BRO-KK/RADAR K. Kinabalu - RADAR Tower,1,THALES,RSM 970,2022,,,,,,,,,,,,,,,,,
172,ATM-543300,Hardware,RADAR SSR ANTENNA,BRO-KK/RADAR K. Kinabalu - RADAR Tower,1,THALES,RSM 970,2022,,,,,,,,,,,,,,,,,
173,ATM-543301,Hardware,RADAR SSR ANTENNA,BRO-KK/RADAR K. Kinabalu - RADAR Tower,1,THALES,RSM 970,2022,,,,,,,,,,,,,,,,,
174,ATM-543302,Hardware,RADAR SSR ANTENNA,BRO-KK/RADAR K. Kinabalu - RADAR Tower,1,THALES,RSM 970,2022,,,,,,,,,,,,,,,,,
175,ATM-543303,Hardware,RADAR SSR ANTENNA,BRO-KK/RADAR K. Kinabalu - RADAR Tower,1,THALES,RSM 970,2022,,,,,,,,,,,,,,,,,
176,ATM-543304,Hardware,RADAR SSR ANTENNA,BRO-KK/RADAR K. Kinabalu - RADAR Tower,1,THALES,RSM 970,2022,,,,,,,,,,,,,,,,,
177,ATM-543305,Hardware,RADAR SSR ANTENNA,BRO-KK/RADAR K. Kinabalu - RADAR Tower,1,THALES,RSM 970,2022,,,,,,,,,,,,,,,,,
178,ATM-543306,Hardware,RADAR SSR ANTENNA,BRO-KK/RADAR K. Kinabalu - RADAR Tower,1,THALES,RSM 970,2022,,,,,,,,,,,,,,,,,
179,ATM-543307,Hardware,RADAR SSR ANTENNA,BRO-KK/RADAR K. Kinabalu - RADAR Tower,1,THALES,RSM 970,2022,,,,,,,,,,,,,,,,,
180,ATM-543308,Hardware,RADAR SSR ANTENNA,BRO-KK/RADAR K. Kinabalu - RADAR Tower,1,THALES,RSM 970,2022,,,,,,,,,,,,,,,,,
181,ATM-543309,Hardware,RADAR SSR ANTENNA,BRO-KK/RADAR K. Kinabalu - RADAR Tower,1,THALES,RSM 970,2022,,,,,,,,,,,,,,,,,
182,ATM-543310,Hardware,RADAR SSR ANTENNA,BRO-KK/RADAR K. Kinabalu - RADAR Tower,1,THALES,RSM 970,2022,,,,,,,,,,,,,,,,,
183,ATM-543311,Hardware,RADAR SSR ANTENNA,BRO-KK/RADAR K. Kinabalu - RADAR Tower,1,THALES,RSM 970,2022,,,,,,,,,,,,,,,,,
184,ATM-543312,Hardware,RADAR SSR ANTENNA,BRO-KK/RADAR K. Kinabalu - RADAR Tower,1,THALES,RSM 970,2022,,,,,,,,,,,,,,,,,
185,ATM-543313,Hardware,RADAR SSR ANTENNA,BRO-KK/RADAR K. Kinabalu - RADAR Tower,1,THALES,RSM 970,2022,,,,,,,,,,,,,,,,,
186,ATM-543314,Hardware,RADAR SSR ANTENNA,BRO-KK/RADAR K. Kinabalu - RADAR Tower,1,THALES,RSM 970,2022,,,,,,,,,,,,,,,,,
187,ATM-543315,Hardware,RADAR SSR ANTENNA,BRO-KK/RADAR K. Kinabalu - RADAR Tower,1,THALES,RSM 970,2022,,,,,,,,,,,,,,,,,
188,ATM-543316,Hardware,RADAR SSR ANTENNA,BRO-KK/RADAR K. Kinabalu - RADAR Tower,1,THALES,RSM 970,2022,,,,,,,,,,,,,,,,,
189,ATM-543317,Hardware,RADAR SSR ANTENNA,BRO-KK/RADAR K. Kinabalu - RADAR Tower,1,THALES,RSM 970,2022,,,,,,,,,,,,,,,,,
190,ATM-543318,Hardware,RADAR SSR ANTENNA,BRO-KK/RADAR K. Kinabalu - RADAR Tower,1,THALES,RSM 970,2022,,,,,,,,,,,,,,,,,
191,ATM-543319,Hardware,RADAR SSR ANTENNA,BRO-KK/RADAR K. Kinabalu - RADAR Tower,1,THALES,RSM 970,2022,,,,,,,,,,,,,,,,,
192,ATM-543320,Hardware,RADAR SSR ANTENNA,BRO-KK/RADAR K. Kinabalu - RADAR Tower,1,THALES,RSM 970,2022,,,,,,,,,,,,,,,,,
193,ATM-543321,Hardware,RADAR SSR ANTENNA,BRO-KK/RADAR K. Kinabalu - RADAR Tower,1,THALES,RSM 970,2022,,,,,,,,,,,,,,,,,
194,ATM-543322,Hardware,RADAR SSR ANTENNA,BRO-KK/RADAR K. Kinabalu - RADAR Tower,1,THALES,RSM 970,2022,,,,,,,,,,,,,,,,,
195,ATM-543323,Hardware,RADAR SSR ANTENNA,BRO-KK/RADAR K. Kinabalu - RADAR Tower,1,THALES,RSM 970,2022,,,,,,,,,,,,,,,,,
196,ATM-543324,Hardware,RADAR SSR ANTENNA,BRO-KK/RADAR K. Kinabalu - RADAR Tower,1,THALES,RSM 970,2022,,,,,,,,,,,,,,,,,
197,ATM-543325,Hardware,RADAR SSR ANTENNA,BRO-KK/RADAR K. Kinabalu - RADAR Tower,1,THALES,RSM 970,2022,,,,,,,,,,,,,,,,,
198,ATM-543326,Hardware,RADAR SSR ANTENNA,BRO-KK/RADAR K. Kinabalu - RADAR Tower,1,THALES,RSM 970,2022,,,,,,,,,,,,,,,,,
199,ATM-543327,Hardware,RADAR SSR ANTENNA,BRO-KK/RADAR K. Kinabalu - RADAR Tower,1,THALES,RSM 970,2022,,,,,,,,,,,,,,,,,
200,ATM-543328,Hardware,RADAR SSR ANTENNA,BRO-KK/RADAR K. Kinabalu - RADAR Tower,1,THALES,RSM 970,2022,,,,,,,,,,,,,,,,,
201,ATM-543329,Hardware,RADAR SSR ANTENNA,BRO-KK/RADAR K. Kinabalu - RADAR Tower,1,THALES,RSM 970,2022,,,,,,,,,,,,,,,,,
202,ATM-543330,Hardware,RADAR SSR ANTENNA,BRO-KK/RADAR K. Kinabalu - RADAR Tower,1,THALES,RSM 970,2022,,,,,,,,,,,,,,,,,
203,ATM-543331,Hardware,RADAR SSR ANTENNA,BRO-KK/RADAR K. Kinabalu - RADAR Tower,1,THALES,RSM 970,2022,,,,,,,,,,,,,,,,,
204,ATM-543332,Hardware,RADAR SSR ANTENNA,BRO-KK/RADAR K. Kinabalu - RADAR Tower,1,THALES,RSM 970,2022,,,,,,,,,,,,,,,,,
205,ATM-543333,Hardware,RADAR GR ANTENNA RACK A,BRO-KK/RADAR K. Kinabalu - RADAR Building,1,THALES,STAR NG,2022,,,,,,,,,,,,,,,,,
206,ATM-543334,Hardware,RADAR GR ANTENNA RACK B,BRO-KK/RADAR K. Kinabalu - RADAR Building,1,THALES,STAR NG,2022,,,,,,,,,,,,,,,,,
207,ATM-543335,Hardware,FAN DRAWER 1,BRO-KK/RADAR K. Kinabalu - RADAR Building,1,THALES,RSM 970,2022,,,,,,,,,,,,,,,,,
208,ATM-543336,Hardware,FAN DRAWER 2,BRO-KK/RADAR K. Kinabalu - RADAR Building,1,THALES,RSM 970,2022,,,,,,,,,,,,,,,,,
209,ATM-543337,Hardware,RADAR HANDLING EQUIPMENTS,BRO-KK/RADAR K. Kinabalu - RADAR Building,1,THALES,HANDLING EQUIPMENTS,2022,,,,,,,,,,,,,,,,,
210,ATM-543338,Hardware,MONITOR,BRO-KK/RADAR K. Kinabalu - RADAR Building,1,THALES,RADAR MONITOR,2022,,,,,,,,,,,,,,,,,
211,ATM-543339,Hardware,WORKSTATION,BRO-KK/RADAR K. Kinabalu - RADAR Building,1,THALES,IBIS WORKSTATION,2022,,,,,,,,,,,,,,,,,
212,ATM-543340,Application, RADAR IBIS SWI SURFACE RADAR HUMAN MACHINE INTERFACE,BRO-KK/RADAR K. Kinabalu - RADAR Building,1,THALES,IBIS,2022,,,,,,,,,,,,,,,,,
213,ATM-543341,Hardware, RADAR INTERMEDIATE DIVIDER,BRO-KK/RADAR K. Kinabalu - RADAR Tower,1,THALES,RSM 970,2022,,,,,,,,,,,,,,,,,
214,ATM-543342,Application, RADAR IRPC SOFTWARE SET,BRO-KK/RADAR K. Kinabalu - RADAR Building,1,THALES,RSM 970,2022,,,,,,,,,,,,,,,,,
215,ATM-543343,Hardware, RADAR JTS 05 1000 7V 2C0 AV/EA,BRO-KK/RADAR K. Kinabalu - RADAR Tower,1,THALES,ROTARY JOINT,2022,,,,,,,,,,,,,,,,,
216,ATM-543344,Hardware,KIT VARIATOR 1,BRO-KK/RADAR K. Kinabalu - RADAR Building,1,THALES,A0 RECOMMENDED KIT VARIATOR AA2000,2022,,,,,,,,,,,,,,,,,
217,ATM-543345,Hardware,KIT VARIATOR 2,BRO-KK/RADAR K. Kinabalu - RADAR Building,1,THALES,ABB,2022,,,,,,,,,,,,,,,,,
218,ATM-543346,Hardware, RADAR LEFT EXTREMITY DIVIDER,BRO-KK/RADAR K. Kinabalu - RADAR Tower,1,THALES,RSM 970,2022,,,,,,,,,,,,,,,,,
219,ATM-543347,Hardware, RADAR LO MONITORING BOX,BRO-KK/RADAR K. Kinabalu - RADAR Building,1,THALES,RSM 970,2022,,,,,,,,,,,,,,,,,
220,ATM-543348,Hardware,RADAR RF SYNTHESIZER A1 (LOCAL OSCILLATOR),BRO-KK/RADAR K. Kinabalu - RADAR Building,1,THALES,STAR NG,2022,,,,,,,,,,,,,,,,,
221,ATM-543349,Hardware,RADAR RF SYNTHESIZER A2 (LOCAL OSCILLATOR),BRO-KK/RADAR K. Kinabalu - RADAR Building,1,THALES,STAR NG,2022,,,,,,,,,,,,,,,,,
222,ATM-543350,Hardware,RADAR RF SYNTHESIZER B1 (LOCAL OSCILLATOR),BRO-KK/RADAR K. Kinabalu - RADAR Building,1,THALES,STAR NG,2022,,,,,,,,,,,,,,,,,
223,ATM-543351,Hardware,RADAR RF SYNTHESIZER B2 (LOCAL OSCILLATOR),BRO-KK/RADAR K. Kinabalu - RADAR Building,1,THALES,STAR NG,2022,,,,,,,,,,,,,,,,,
224,ATM-543352,Hardware,MONITOR,BRO-KK/RADAR K. Kinabalu - RADAR Building,1,THALES,RADAR MONITOR,2022,,,,,,,,,,,,,,,,,
225,ATM-543353,Hardware,WORKSTATION,BRO-KK/RADAR K. Kinabalu - RADAR Building,1,THALES,LTM WORKSTATION,2022,,,,,,,,,,,,,,,,,
226,ATM-543354,Hardware, RADAR MDRP 1,BRO-KK/RADAR K. Kinabalu - RADAR Building,1,THALES,RSM 970,2022,,,,,,,,,,,,,,,,,
227,ATM-543355,Hardware, RADAR MDRP 2,BRO-KK/RADAR K. Kinabalu - RADAR Building,1,THALES,RSM 970,2022,,,,,,,,,,,,,,,,,
228,ATM-543356,Hardware, RADAR MOTOR 1,BRO-KK/RADAR K. Kinabalu - RADAR Tower,1,THALES,RADAR MOTOR,2022,,,,,,,,,,,,,,,,,
229,ATM-543357,Hardware, RADAR MOTOR 2,BRO-KK/RADAR K. Kinabalu - RADAR Tower,1,THALES,RADAR MOTOR,2022,,,,,,,,,,,,,,,,,
230,ATM-543358,Hardware, RADAR NTP SERVER 1,BRO-KK/RADAR K. Kinabalu - RADAR Building,1,THALES,RADAR NTP SERVER,2022,,,,,,,,,,,,,,,,,
231,ATM-543359,Hardware, RADAR NTP SERVER 2,BRO-KK/RADAR K. Kinabalu - RADAR Building,1,THALES,RADAR NTP SERVER,2022,,,,,,,,,,,,,,,,,
232,ATM-543360,Hardware, RADAR NVR,BRO-KK/RADAR K. Kinabalu - RADAR Building,1,Axis Communications,AXIS S3008 4 TB,2022,,,,,,,,,,,,,,,,,
233,ATM-543361,Hardware, RADAR OIL PUMP,BRO-KK/RADAR K. Kinabalu - RADAR Building,1,THALES,RADAR MOTOR,2022,,,,,,,,,,,,,,,,,
234,ATM-543362,Application, RADAR PARAMETERS FILES FAT STATION  FIR KOTA KINABALU,BRO-KK/RADAR K. Kinabalu - RADAR Building,1,THALES,FAT,2022,,,,,,,,,,,,,,,,,
235,ATM-543363,Application, RADAR PARAMETERS FILES SAT STATION  FIR KOTA KINABALU,BRO-KK/RADAR K. Kinabalu - RADAR Building,1,THALES,SAT,2022,,,,,,,,,,,,,,,,,
236,ATM-543364,Hardware,PLINE 1,BRO-KK/RADAR K. Kinabalu - RADAR Building,1,THALES,RADAR pLines 4,2022,,,,,,,,,,,,,,,,,
237,ATM-543365,Hardware,PLINE 2,BRO-KK/RADAR K. Kinabalu - RADAR Building,1,THALES,RADAR pLines 4,2022,,,,,,,,,,,,,,,,,
238,ATM-543366,Hardware,PLINES4/8 TEST KIT,BRO-KK/RADAR K. Kinabalu - RADAR Building,1,THALES,RADAR pLines 4 Test Kit,2022,,,,,,,,,,,,,,,,,
239,ATM-543367,Hardware,POWER SUPPLY CABINET,BRO-KK/RADAR K. Kinabalu - RADAR Building,1,THALES,CABINET,2022,,,,,,,,,,,,,,,,,
240,ATM-543368,Hardware,RADAR PRESSURIZATION,BRO-KK/RADAR K. Kinabalu - RADAR Building,1,THALES,STAR NG,2022,,,,,,,,,,,,,,,,,
241,ATM-543369,Application,PRIMARY RADAR PROCESSING (PRP),BRO-KK/RADAR K. Kinabalu - RADAR Building,1,THALES,STAR NG,2022,,,,,,,,,,,,,,,,,
242,ATM-543370,Hardware,RADAR PRIMARY RFU ATE,BRO-KK/RADAR K. Kinabalu - RADAR Building,1,THALES,STAR NG,2022,,,,,,,,,,,,,,,,,
243,ATM-543371,Hardware, RADAR PRINTER,BRO-KK/RADAR K. Kinabalu - RADAR Building,1,THALES,AUXILLARY,2022,,,,,,,,,,,,,,,,,
244,ATM-543372,Hardware,PRODUCT CIRA BOARD A,BRO-KK/RADAR K. Kinabalu - RADAR Building,1,THALES,STAR NG,2022,,,,,,,,,,,,,,,,,
245,ATM-543373,Hardware,PRODUCT CIRA BOARD B,BRO-KK/RADAR K. Kinabalu - RADAR Building,1,THALES,STAR NG,2022,,,,,,,,,,,,,,,,,
246,ATM-543374,Hardware,RADAR QRF BOX A,BRO-KK/RADAR K. Kinabalu - RADAR Building,1,THALES,STAR NG,2022,,,,,,,,,,,,,,,,,
247,ATM-543375,Hardware, RADAR QRF BOX B,BRO-KK/RADAR K. Kinabalu - RADAR Building,1,THALES,STAR NG,2022,,,,,,,,,,,,,,,,,
248,ATM-543376,Application, RADAR RADAR RCMS THALIX INSTALLER,BRO-KK/RADAR K. Kinabalu - RADAR Building,1,THALES,RSM 970,2022,,,,,,,,,,,,,,,,,
249,ATM-543377,Application, RADAR RCMS STATION  FIR KOTA KINABALU,BRO-KK/RADAR K. Kinabalu - RADAR Building,1,THALES,RSM 970,2022,,,,,,,,,,,,,,,,,
250,ATM-543378,Hardware, RADAR RF COMBINER (16 TO 1),BRO-KK/RADAR K. Kinabalu - RADAR Building,1,THALES,STAR NG,2022,,,,,,,,,,,,,,,,,
251,ATM-543379,Hardware, RADAR RF LINES,BRO-KK/RADAR K. Kinabalu - RADAR Building,1,THALES,STAR NG,2022,,,,,,,,,,,,,,,,,
252,ATM-543380,Hardware, RADAR RF SPLITTER (1 TO 8),BRO-KK/RADAR K. Kinabalu - RADAR Building,1,THALES,STAR NG,2022,,,,,,,,,,,,,,,,,
253,ATM-543381,Hardware, RADAR RIGHT EXTREMITY DIVIDER,BRO-KK/RADAR K. Kinabalu - RADAR Tower,1,THALES,RSM 970,2022,,,,,,,,,,,,,,,,,
254,ATM-543382,Hardware, RADAR RPC 1,BRO-KK/RADAR K. Kinabalu - RADAR Building,1,THALES,RPC WORKSTATION,2022,,,,,,,,,,,,,,,,,
255,ATM-543383,Hardware, RADAR RPC 2,BRO-KK/RADAR K. Kinabalu - RADAR Building,1,THALES,RPC WORKSTATION,2022,,,,,,,,,,,,,,,,,
256,ATM-543384,Hardware, RADAR S BAND MES 1400 A MODULE 1,BRO-KK/RADAR K. Kinabalu - RADAR Building,1,THALES,STAR NG,2022,,,,,,,,,,,,,,,,,
257,ATM-543385,Hardware, RADAR S BAND MES 1400 A MODULE 2,BRO-KK/RADAR K. Kinabalu - RADAR Building,1,THALES,STAR NG,2022,,,,,,,,,,,,,,,,,
258,ATM-543386,Hardware, RADAR S BAND MES 1400 A MODULE 3,BRO-KK/RADAR K. Kinabalu - RADAR Building,1,THALES,STAR NG,2022,,,,,,,,,,,,,,,,,
259,ATM-543387,Hardware, RADAR S BAND MES 1400 A MODULE 4,BRO-KK/RADAR K. Kinabalu - RADAR Building,1,THALES,STAR NG,2022,,,,,,,,,,,,,,,,,
260,ATM-543388,Hardware, RADAR S BAND MES 1400 A MODULE 5,BRO-KK/RADAR K. Kinabalu - RADAR Building,1,THALES,STAR NG,2022,,,,,,,,,,,,,,,,,
261,ATM-543389,Hardware, RADAR S BAND MES 1400 A MODULE 6,BRO-KK/RADAR K. Kinabalu - RADAR Building,1,THALES,STAR NG,2022,,,,,,,,,,,,,,,,,
262,ATM-543390,Hardware, RADAR S BAND MES 1400 A MODULE 7,BRO-KK/RADAR K. Kinabalu - RADAR Building,1,THALES,STAR NG,2022,,,,,,,,,,,,,,,,,
263,ATM-543391,Hardware, RADAR S BAND MES 1400 A MODULE 8,BRO-KK/RADAR K. Kinabalu - RADAR Building,1,THALES,STAR NG,2022,,,,,,,,,,,,,,,,,
264,ATM-543392,Hardware, RADAR S BAND PA DRIVER MES110 A,BRO-KK/RADAR K. Kinabalu - RADAR Building,1,THALES,STAR NG,2022,,,,,,,,,,,,,,,,,
265,ATM-543393,Hardware, RADAR S BAND PA DRIVER MES110 B,BRO-KK/RADAR K. Kinabalu - RADAR Building,1,THALES,STAR NG,2022,,,,,,,,,,,,,,,,,
266,ATM-543394,Hardware, RADAR SCONV BOX A,BRO-KK/RADAR K. Kinabalu - RADAR Building,1,THALES,STAR NG,2022,,,,,,,,,,,,,,,,,
267,ATM-543395,Hardware, RADAR SCONV BOX B,BRO-KK/RADAR K. Kinabalu - RADAR Building,1,THALES,STAR NG,2022,,,,,,,,,,,,,,,,,
268,ATM-543396,Hardware, RADAR SINGLE SMS4 SITE MONITOR 1,BRO-KK/RADAR K. Kinabalu - RADAR Building,1,THALES,SITE MONITOR TRANSPONDER,2022,,,,,,,,,,,,,,,,,
269,ATM-543397,Hardware, RADAR SINGLE SMS4 SITE MONITOR 2,BRO-KK/RADAR K. Kinabalu - RADAR Building,1,THALES,SITE MONITOR TRANSPONDER,2022,,,,,,,,,,,,,,,,,
270,ATM-543398,Hardware, RADAR SMS ANTENNA CHELTON 1,BRO-KK/RADAR K. Kinabalu - RADAR Building,1,THALES,SITE MONITOR TRANSPONDER,2022,,,,,,,,,,,,,,,,,
271,ATM-543399,Hardware, RADAR SMS ANTENNA CHELTON 2,BRO-KK/RADAR K. Kinabalu - RADAR Building,1,THALES,SITE MONITOR TRANSPONDER,2022,,,,,,,,,,,,,,,,,
272,ATM-543400,Hardware, RADAR STAR NG CCC BOARD A,BRO-KK/RADAR K. Kinabalu - RADAR Building,1,THALES,STAR NG,2022,,,,,,,,,,,,,,,,,
273,ATM-543401,Hardware, RADAR STAR NG CCC BOARD B,BRO-KK/RADAR K. Kinabalu - RADAR Building,1,THALES,STAR NG,2022,,,,,,,,,,,,,,,,,
274,ATM-543402,Application, RADAR STAR RSM TRAC SOFTWARE AA2000A AUTOMATE 1,BRO-KK/RADAR K. Kinabalu - RADAR Building,1,THALES,RADAR MOTOR,2022,,,,,,,,,,,,,,,,,
275,ATM-543403,Application, RADAR STAR RSM TRAC SOFTWARE AA2000A AUTOMATE 2,BRO-KK/RADAR K. Kinabalu - RADAR Building,1,THALES,RADAR MOTOR,2022,,,,,,,,,,,,,,,,,
276,ATM-543404,Hardware, RADAR STM MONITOR,BRO-KK/ATCC K. Kinabalu - NOC Room,1,THALES,NEC EA245WM-2-BK,2022,,,,,,,,,,,,,,,,,
277,ATM-543405,Hardware, RADAR STM PC,BRO-KK/ATCC K. Kinabalu - NOC Room,1,THALES,STM WORKSTATION,2022,,,,,,,,,,,,,,,,,
278,ATM-543406,Hardware, RADAR STRUCTURE ASSEMBLY,BRO-KK/RADAR K. Kinabalu - RADAR Tower,1,THALES,RSM 970,2022,,,,,,,,,,,,,,,,,
279,ATM-543407,Hardware, RADAR TECHNICAL DESK,BRO-KK/RADAR K. Kinabalu - RADAR Building,1,THALES,DESK,2022,,,,,,,,,,,,,,,,,
280,ATM-543408,Hardware, RADAR TRANSMITTER MODULE STX NG 1,BRO-KK/RADAR K. Kinabalu - RADAR Building,1,THALES,RSM 970,2022,,,,,,,,,,,,,,,,,
281,ATM-543409,Hardware, RADAR TRANSMITTER MODULE STX NG 2,BRO-KK/RADAR K. Kinabalu - RADAR Building,1,THALES,RSM 970,2022,,,,,,,,,,,,,,,,,
282,ATM-543410,Hardware, RADAR TRC SKID,BRO-KK/RADAR K. Kinabalu - RADAR Building,1,THALES,CABINET,2022,,,,,,,,,,,,,,,,,
283,ATM-543411,Hardware, RADAR TWO KEEPER PIECES,BRO-KK/RADAR K. Kinabalu - RADAR Building,1,THALES,RADAR MOTOR,2022,,,,,,,,,,,,,,,,,
284,ATM-543412,Hardware, RADAR VARIATOR LOAD,BRO-KK/RADAR K. Kinabalu - RADAR Building,1,THALES,STAR NG,2022,,,,,,,,,,,,,,,,,
285,ATM-543413,Application, RADAR VARIATOR PARAMETERS STAR/RSM (ABB SOFTWARE FOR RADAR),BRO-KK/RADAR K. Kinabalu - RADAR Building,1,THALES,RADAR MOTOR,2022,,,,,,,,,,,,,,,,,
286,ATM-543414,Hardware, RADAR WIRED RF SKID (SST_PRPM),BRO-KK/RADAR K. Kinabalu - RADAR Building,1,THALES,CABINET,2022,,,,,,,,,,,,,,,,,
287,ATM-543415,Hardware, RCMS Monitor 1,BRO-KK/ATCC K. Kinabalu - NOC Room,1,THALES,TFT LCD Monitor,2022,,,,,,,,,,,,,,,,,
288,ATM-543416,Hardware, RCMS Monitor 2,BRO-KK/ATCC K. Kinabalu - NOC Room,1,THALES,TFT LCD Monitor,2022,,,,,,,,,,,,,,,,,
289,ATM-543417,Hardware, RCMS WORKSTATION (ADSB RCMS),BRO-KK/ATCC K. Kinabalu - NOC Room,1,THALES,MAGS RCMS PC 3.3 GHz with Pre-Inst SW,2022,,,,,,,,,,,,,,,,,
290,ATM-543418,Hardware,AC GENERATOR,BRO-KK/RADAR K. Kinabalu - RADAR Building,1,Marelli,Marelli AC Generator (Alternator),2022,,,,,,,,,,,,,,,,,
291,ATM-543419,Hardware,VRLA BATTERIES,BRO-KK/RADAR K. Kinabalu - RADAR Building,1,NERA,KK VRLA Batteries (12V 26Ah)  4 blocs per bank - 9,2022,,,,,,,,,,,,,,,,,
292,ATM-543420,Hardware,VRLA BATTERIES,BRO-KK/Kota Kinabalu (Equipment Room),1,NERA,KK VRLA Batteries (12V 26Ah) 4 blocs per bank - 1,2022,,,,,,,,,,,,,,,,,
293,ATM-543421,Hardware,VRLA BATTERIES,BRO-KK/RADAR K. Kinabalu - RADAR Building,1,NERA,KK VRLA Batteries (12V 26Ah) 4 blocs per bank - 10,2022,,,,,,,,,,,,,,,,,
294,ATM-543422,Hardware,VRLA BATTERIES,BRO-KK/RADAR K. Kinabalu - RADAR Building,1,NERA,KK VRLA Batteries (12V 26Ah) 4 blocs per bank - 11,2022,,,,,,,,,,,,,,,,,
295,ATM-543423,Hardware,VRLA BATTERIES,BRO-KK/RADAR K. Kinabalu - RADAR Building,1,NERA,KK VRLA Batteries (12V 26Ah) 4 blocs per bank - 12,2022,,,,,,,,,,,,,,,,,
296,ATM-543424,Hardware,VRLA BATTERIES,BRO-KK/Kota Kinabalu (Equipment Room),1,NERA,KK VRLA Batteries (12V 26Ah) 4 blocs per bank - 2,2022,,,,,,,,,,,,,,,,,
297,ATM-543425,Hardware,VRLA BATTERIES,BRO-KK/Kota Kinabalu (Equipment Room),1,NERA,KK VRLA Batteries (12V 26Ah) 4 blocs per bank - 3,2022,,,,,,,,,,,,,,,,,
298,ATM-543426,Hardware,VRLA BATTERIES,BRO-KK/Kota Kinabalu (Equipment Room),1,NERA,KK VRLA Batteries (12V 26Ah) 4 blocs per bank - 4,2022,,,,,,,,,,,,,,,,,
299,ATM-543427,Hardware,VRLA BATTERIES,BRO-KK/ATCC K. Kinabalu (ATCC Tower) - Equipment Room Level 7,1,NERA,KK VRLA Batteries (12V 26Ah) 4 blocs per bank - 5,2022,,,,,,,,,,,,,,,,,
300,ATM-543428,Hardware,VRLA BATTERIES,BRO-KK/ATCC K. Kinabalu (ATCC Tower) - Equipment Room Level 7,1,NERA,KK VRLA Batteries (12V 26Ah) 4 blocs per bank - 6,2022,,,,,,,,,,,,,,,,,
301,ATM-543429,Hardware,VRLA BATTERIES,BRO-KK/ATCC K. Kinabalu (ATCC Tower) - Equipment Room Level 7,1,NERA,KK VRLA Batteries (12V 26Ah) 4 blocs per bank - 7,2022,,,,,,,,,,,,,,,,,
302,ATM-543430,Hardware,VRLA BATTERIES,BRO-KK/ATCC K. Kinabalu (ATCC Tower) - Equipment Room Level 7,1,NERA,KK VRLA Batteries (12V 26Ah) 4 blocs per bank - 8,2022,,,,,,,,,,,,,,,,,
303,ATM-543431,Hardware,DIGITAL MICROWAVE,BRO-KK/Kota Kinabalu (Equipment Room),1,NERA,KK XP-NexG Edge with 2IF + Ethernet + Dual Power w/SM card - 1,2022,,,,,,,,,,,,,,,,,
304,ATM-543432,Hardware,DIGITAL MICROWAVE,BRO-KK/RADAR K. Kinabalu - RADAR Building,1,NERA,KK XP-NexG Edge with 2IF + Ethernet + Dual Power w/SM card - 3,2022,,,,,,,,,,,,,,,,,
305,ATM-543433,Hardware,DIGITAL MICROWAVE,BRO-KK/RADAR K. Kinabalu - RADAR Building,1,NERA,KK XP-NexG Edge with 2IF + Ethernet + Dual Power w/SM card - 4,2022,,,,,,,,,,,,,,,,,
306,ATM-543434,Hardware,DIGITAL MICROWAVE,BRO-KK/ATCC K. Kinabalu (ATCC Tower) - Equipment Room Level 7,1,NERA,KK XP-NexG Edge with 2IF + Ethernet + Dual Power w/SM card -2,2022,,,,,,,,,,,,,,,,,
307,ATM-543435,Hardware,ELECTRONIC CARD READER,BRO-KK/RADAR K. Kinabalu - RADAR Building,1,Axis Communications,Axis A4010 E Reader,2022,,,,,,,,,,,,,,,,,
308,ATM-543436,Hardware,DOOR CONTROLLER,BRO-KK/RADAR K. Kinabalu - RADAR Building,1,Axis Communications,Axis Network Door Controller,2022,,,,,,,,,,,,,,,,,
309,ATM-543437,Hardware,SWITCH,BRO-KK/RADAR K. Kinabalu - RADAR Building,1,CISCO,WS-C2960XR-24TS-I Catalyst 2960-XR Switch,2022,,,,,,,,,,,,,,,,,
310,ATM-543438,Hardware,SWITCH,BRO-KK/RADAR K. Kinabalu - RADAR Building,1,CISCO,WS-C2960XR-24TS-I Catalyst 2960-XR Switch,2022,,,,,,,,,,,,,,,,,
311,ATM-543439,Hardware,SERVER RACK,BRO-KK/RADAR K. Kinabalu - RADAR Building,1,Hawlett Packard Enterprise,HPE A642 1075 RACK,2022,,,,,,,,,,,,,,,,,
312,ATM-543440,Hardware,WORKSTATION,BRO-KK/ATCC K. Kinabalu (ATCC Tower) - VCR Area Level 8,1,Hewlett Packard Enterprise,Workstation Z4 G4 (HS),2022,,,,,,,,,,,,,,,,,
313,ATM-543441,Hardware,MONITOR,BRO-KK/ATCC K. Kinabalu (ATCC Tower) - VCR Area Level 8,1,EIZO,"24"" 1K Display",2022,,,,,,,,,,,,,,,,,
314,ATM-543442,Hardware,MONITOR,BRO-KK/ATCC K. Kinabalu (ATCC Tower) - VCR Area Level 8,1,EIZO,"24"" 1K Display",2022,,,,,,,,,,,,,,,,,
315,ATM-543443,Hardware,WORKSTATION,BRO-KK/ATCC K. Kinabalu (ATCC Tower) - VCR Area Level 8,1,Hewlett Packard Enterprise,Workstation Z4 G4 (HS),2022,,,,,,,,,,,,,,,,,
316,ATM-543444,Hardware,MONITOR,BRO-KK/ATCC K. Kinabalu (ATCC Tower) - VCR Area Level 8,1,EIZO,"24"" 1K Display",2022,,,,,,,,,,,,,,,,,
317,ATM-543445,Hardware,MONITOR,BRO-KK/ATCC K. Kinabalu (ATCC Tower) - VCR Area Level 8,1,EIZO,"24"" 1K Display",2022,,,,,,,,,,,,,,,,,
318,ATM-543446,Hardware,WORKSTATION,BRO-KK/ATCC K. Kinabalu (ATCC Tower) - VCR Area Level 8,1,Hewlett Packard Enterprise,Workstation Z4 G4 (HS),2022,,,,,,,,,,,,,,,,,
319,ATM-543447,Hardware,MONITOR,BRO-KK/ATCC K. Kinabalu (ATCC Tower) - VCR Area Level 8,1,EIZO,"24"" 1K Display",2022,,,,,,,,,,,,,,,,,
320,ATM-543448,Hardware,WORKSTATION,BRO-KK/ATCC K. Kinabalu (ATCC Tower) - Equipment Room Level 7,1,Hewlett Packard Enterprise,HPE ProLiant DL360,2022,,,,,,,,,,,,,,,,,
321,ATM-543449,Hardware,WORKSTATION,BRO-KK/ATCC K. Kinabalu (ATCC Tower) - Equipment Room Level 7,1,Hewlett Packard Enterprise,HPE ProLiant DL360,2022,,,,,,,,,,,,,,,,,
322,ATM-543450,Hardware,SWITCH,BRO-KK/ATCC K. Kinabalu (ATCC Tower) - Equipment Room Level 7,1,CISCO,WS-C3650-24TS-L Catalyst 3650 Switch,2022,,,,,,,,,,,,,,,,,
323,ATM-543451,Hardware,SWITCH,BRO-KK/ATCC K. Kinabalu (ATCC Tower) - Equipment Room Level 7,1,CISCO,WS-C3650-24TS-L Catalyst 3650 Switch,2022,,,,,,,,,,,,,,,,,
324,ATM-543452,Hardware,SWITCH,BRO-KK/ATCC K. Kinabalu (ATCC Tower) - Equipment Room Level 7,1,CISCO,WS-C3650-24TS-L Catalyst 3650 Switch,2022,,,,,,,,,,,,,,,,,
325,ATM-543453,Hardware,WORKSTATION,BRO-KK/ATCC K. Kinabalu (ATCC Tower) - Equipment Room Level 7,1,Hewlett Packard Enterprise,HPE ProLiant DL380,2022,,,,,,,,,,,,,,,,,
326,ATM-543454,Hardware,WORKSTATION,BRO-KK/ATCC K. Kinabalu (ATCC Tower) - Equipment Room Level 7,1,Hewlett Packard Enterprise,Workstation Z4 G4 (LS),2022,,,,,,,,,,,,,,,,,
327,ATM-543455,Hardware,MONITOR,BRO-KK/ATCC K. Kinabalu (ATCC Tower) - Equipment Room Level 7,1,EIZO,"24"" 1K Display",2022,,,,,,,,,,,,,,,,,
328,ATM-543456,Hardware,WORKSTATION,BRO-KK/ATCC K. Kinabalu (ATCC Tower) - VCR Area Level 8,1,Hewlett Packard Enterprise,Workstation Z4 G4 (HS),2022,,,,,,,,,,,,,,,,,
329,ATM-543457,Hardware,MONITOR,BRO-KK/ATCC K. Kinabalu (ATCC Tower) - VCR Area Level 8,1,EIZO,"24"" 1K Display",2022,,,,,,,,,,,,,,,,,
330,ATM-543458,Hardware,MONITOR,BRO-KK/ATCC K. Kinabalu (ATCC Tower) - VCR Area Level 8,1,EIZO,"24"" 1K Display",2022,,,,,,,,,,,,,,,,,
331,ATM-543459,Hardware,SWITCH,BRO-KK/ATCC K. Kinabalu (ATCC Tower) - Equipment Room Level 7,1,CISCO,WS-C3850-24T-E Catalyst 3850 Switch,2022,,,,,,,,,,,,,,,,,
332,ATM-543460,Hardware,SWITCH,BRO-KK/ATCC K. Kinabalu (ATCC Tower) - Equipment Room Level 7,1,CISCO,WS-C3850-24T-E Catalyst 3850 Switch,2022,,,,,,,,,,,,,,,,,
333,ATM-543461,Hardware,WORKSTATION,BRO-KK/ATCC K. Kinabalu  - Center,1,DELL,Dell Precision Tower 5821,2022,,,,,,,,,,,,,,,,,
334,ATM-543462,Hardware,MONITOR,BRO-KK/ATCC K. Kinabalu  - Center,1,DELL,Dell U2415 Monitor,2022,,,,,,,,,,,,,,,,,
335,ATM-543463,Hardware,MONITOR,BRO-KK/ATCC K. Kinabalu  - Center,1,DELL,Dell U2415 Monitor,2022,,,,,,,,,,,,,,,,,
336,ATM-543464,Hardware,MONITOR,BRO-KK/ATCC K. Kinabalu - NOC Room,1,DELL,Dell U2421E Monitor,2022,,,,,,,,,,,,,,,,,
337,ATM-543465,Hardware,MONITOR,BRO-KK/ATCC K. Kinabalu - NOC Room,1,DELL,Dell U2421E Monitor,2022,,,,,,,,,,,,,,,,,
338,ATM-543466,Hardware,MONITOR,BRO-KK/ATCC K. Kinabalu - NOC Room,1,DELL,Dell U2421E Monitor,2022,,,,,,,,,,,,,,,,,
339,ATM-543467,Hardware,PRINTER,BRO-KK/ATCC K. Kinabalu - NOC Room,1,HP,HP LaserJet Pro MFP MI30FN,2022,,,,,,,,,,,,,,,,,
340,ATM-543468,Hardware,SPEAKER,BRO-KK/ATCC K. Kinabalu - NOC Room,1,DELL,Dell  AX511 Speaker,2022,,,,,,,,,,,,,,,,,
341,ATM-543469,Hardware,WORKSTATION,BRO-KK/ATCC K. Kinabalu - NOC Room,1,DELL,Dell Precision Tower 5820,2022,,,,,,,,,,,,,,,,,
342,ATM-543470,Hardware,MONITOR,BRO-KK/ATCC K. Kinabalu - NOC Room,1,HP,HP,2022,,,,,,,,,,,,,,,,,
343,ATM-543471,Hardware,MONITOR,BRO-KK/ATCC K. Kinabalu - NOC Room,1,HP,HP,2022,,,,,,,,,,,,,,,,,
344,ATM-543472,Hardware,MONITOR,BRO-KK/ATCC K. Kinabalu - NOC Room,1,HP,HP,2022,,,,,,,,,,,,,,,,,
345,ATM-543473,Hardware,MONITOR,BRO-KK/ATCC K. Kinabalu - NOC Room,1,HP,HP,2022,,,,,,,,,,,,,,,,,
346,ATM-543474,Hardware,WORKSTATION,BRO-KK/ATCC K. Kinabalu - Equipment Room,1,HP,HPE ProLiant DL360,2022,,,,,,,,,,,,,,,,,
347,ATM-543475,Hardware,MONITOR,BRO-KK/ATCC K. Kinabalu  - Center,1,HP,HP,2022,,,,,,,,,,,,,,,,,
348,ATM-543476,Hardware,RACK SERVER,BRO-KK/ATCC K. Kinabalu (ATCC Tower) - Equipment Room Level 7,1,Hewlett Packard Enterprise,HPE A642 1075 RACK,2022,,,,,,,,,,,,,,,,,
349,ATM-543477,Hardware,RACK SERVER,BRO-KK/ATCC K. Kinabalu (ATCC Tower) - Equipment Room Level 7,1,Hewlett Packard Enterprise,HPE A642 1075 RACK,2022,,,,,,,,,,,,,,,,,
350,ATM-543478,Hardware,SERVER,BRO-KK/ATCC K. Kinabalu - Equipment Room,1,DELL,Dell R640 Server (SMS-SSC),2022,,,,,,,,,,,,,,,,,
351,ATM-543479,Hardware,STRIP PRINTER,BRO-KK/ATCC K. Kinabalu (ATCC Tower) - VCR Area Level 8,1,IER,IER Strip Printer,2022,,,,,,,,,,,,,,,,,
352,ATM-543480,Hardware,WORKSTATION,BRO-KK/ATCC K. Kinabalu  - Center,1,HP,Workstation Z4 G4 (LS),2022,,,,,,,,,,,,,,,,,
353,ATM-543481,Hardware,WORKSTATION,BRO-KK/ATCC K. Kinabalu  - Center,1,HP,Workstation Z4 G4 (LS),2022,,,,,,,,,,,,,,,,,
354,ATM-543482,Hardware,UPS RACK MODULE,BRO-KK/ATCC K. Kinabalu - New UPS Room,1,Info-Matic Power,EMPOWER MODULE 20kVA,2022,,,,,,,,,,,,,,,,,
355,ATM-543483,Hardware,UPS RACK MODULE,BRO-KK/ATCC K. Kinabalu - New UPS Room,1,Info-Matic Power,EMPOWER MODULE 20kVA,2022,,,,,,,,,,,,,,,,,
356,ATM-543484,Hardware,UPS RACK MODULE,BRO-KK/ATCC K. Kinabalu - New UPS Room,1,Info-Matic Power,EMPOWER MODULE 20kVA,2022,,,,,,,,,,,,,,,,,
357,ATM-543485,Hardware,UPS RACK MODULE,BRO-KK/ATCC K. Kinabalu - New UPS Room,1,Info-Matic Power,EMPOWER MODULE 20kVA,2022,,,,,,,,,,,,,,,,,
358,ATM-543486,Hardware,UPS RACK MODULE,BRO-KK/ATCC K. Kinabalu - New UPS Room,1,Info-Matic Power,EMPOWER MODULE 20kVA,2022,,,,,,,,,,,,,,,,,
359,ATM-543487,Hardware,UPS RACK MODULE,BRO-KK/ATCC K. Kinabalu - New UPS Room,1,Info-Matic Power,EMPOWER MODULE 20kVA,2022,,,,,,,,,,,,,,,,,
360,ATM-543488,Hardware,UPS RACK 2,BRO-KK/ATCC K. Kinabalu - New UPS Room,1,Info-Matic Power,EMPOWER CABINET,2022,,,,,,,,,,,,,,,,,
361,ATM-543489,Hardware,UPS RACK 1,BRO-KK/ATCC K. Kinabalu - New UPS Room,1,Info-Matic Power,EMPOWER CABINET,2022,,,,,,,,,,,,,,,,,
362,ATM-543490,Hardware,UPS RACK MODULE,BRO-KK/RADAR K. Kinabalu - RADAR Building,1,Info-Matic Power Sdn. Bhd.,EMPOWER MODULE 20kVA,2022,,,,,,,,,,,,,,,,,
363,ATM-543491,Hardware,UPS RACK MODULE,BRO-KK/RADAR K. Kinabalu - RADAR Building,1,Info-Matic Power Sdn. Bhd.,EMPOWER MODULE 20kVA,2022,,,,,,,,,,,,,,,,,
364,ATM-543492,Hardware,UPS RACK MODULE,BRO-KK/RADAR K. Kinabalu - RADAR Building,1,Info-Matic Power Sdn. Bhd.,EMPOWER MODULE 20kVA,2022,,,,,,,,,,,,,,,,,
365,ATM-543493,Hardware,UPS RACK MODULE,BRO-KK/RADAR K. Kinabalu - RADAR Building,1,Info-Matic Power Sdn. Bhd.,EMPOWER MODULE 20kVA,2022,,,,,,,,,,,,,,,,,
366,ATM-543494,Hardware,UPS RACK 2,BRO-KK/RADAR K. Kinabalu - RADAR Building,1,Info-Matic Power Sdn. Bhd.,EMPOWER CABINET,2022,,,,,,,,,,,,,,,,,
367,ATM-543495,Hardware,UPS RACK 1,BRO-KK/RADAR K. Kinabalu - RADAR Building,1,Info-Matic Power Sdn. Bhd.,EMPOWER CABINET,2022,,,,,,,,,,,,,,,,,
368,ATM-543496,Hardware,UPS RACK MODULE,BRO-KK/ATCC K. Kinabalu (ATCC Tower) - Equipment Room Level 7,1,Info-Matic Power Sdn. Bhd.,EMPOWER MODULE 10kVA,2022,,,,,,,,,,,,,,,,,
369,ATM-543497,Hardware,UPS RACK MODULE,BRO-KK/ATCC K. Kinabalu (ATCC Tower) - Equipment Room Level 7,1,Info-Matic Power Sdn. Bhd.,EMPOWER MODULE 10kVA,2022,,,,,,,,,,,,,,,,,
370,ATM-543498,Hardware,UPS RACK MODULE,BRO-KK/ATCC K. Kinabalu (ATCC Tower) - Equipment Room Level 7,1,Info-Matic Power Sdn. Bhd.,EMPOWER MODULE 10kVA,2022,,,,,,,,,,,,,,,,,
371,ATM-543499,Hardware,UPS RACK MODULE,BRO-KK/ATCC K. Kinabalu (ATCC Tower) - Equipment Room Level 7,1,Info-Matic Power Sdn. Bhd.,EMPOWER MODULE 10kVA,2022,,,,,,,,,,,,,,,,,
372,ATM-543500,Hardware,UPS RACK 2,BRO-KK/ATCC K. Kinabalu (ATCC Tower) - Equipment Room Level 7,1,Info-Matic Power Sdn. Bhd.,EMPOWER CABINET,2022,,,,,,,,,,,,,,,,,
373,ATM-543501,Hardware,UPS RACK 1,BRO-KK/ATCC K. Kinabalu (ATCC Tower) - Equipment Room Level 7,1,Info-Matic Power Sdn. Bhd.,EMPOWER CABINET,2022,,,,,,,,,,,,,,,,,
,,,,,,,,,,,,,,,,,,,,,,,,,
,,,,,,,,,,,,,,,,,,,,,,,,,
,,,,,,,,,,,,,,,,,,,,,,,,,
,,,,,,,,,,,,,,,,,,,,,,,,,
,,,,,,,,,,,,,,,,,,,,,,,,,
,,,,,,,,,,,,,,,,,,,,,,,,,
,,,,,,,,,,,,,,,,,,,,,,,,,
,,,,,,,,,,,,,,,,,,,,,,,,,
,,,,,,,,,,,,,,,,,,,,,,,,,
,,,,,,,,,,,,,,,,,,,,,,,,,
,,,,,,,,,,,,,,,,,,,,,,,,,
,,,,,,,,,,,,,,,,,,,,,,,,,
,,,,,,,,,,,,,,,,,,,,,,,,,
,,,,,,,,,,,,,,,,,,,,,,,,,
,,,,,,,,,,,,,,,,,,,,,,,,,
,,,,,,,,,,,,,,,,,,,,,,,,,
,,,,,,,,,,,,,,,,,,,,,,,,,
,,,,,,,,,,,,,,,,,,,,,,,,,
,,,,,,,,,,,,,,,,,,,,,,,,,
,,,,,,,,,,,,,,,,,,,,,,,,,
,,,,,,,,,,,,,,,,,,,,,,,,,
,,,,,,,,,,,,,,,,,,,,,,,,,
,,,,,,,,,,,,,,,,,,,,,,,,,
,,,,,,,,,,,,,,,,,,,,,,,,,
,,,,,,,,,,,,,,,,,,,,,,,,,
,,,,,,,,,,,,,,,,,,,,,,,,,
,,,,,,,,,,,,,,,,,,,,,,,,,
,,,,,,,,,,,,,,,,,,,,,,,,,
,,,,,,,,,,,,,,,,,,,,,,,,,
,,,,,,,,,,,,,,,,,,,,,,,,,
,,,,,,,,,,,,,,,,,,,,,,,,,
,,,,,,,,,,,,,,,,,,,,,,,,,
,,,,,,,,,,,,,,,,,,,,,,,,,
,,,,,,,,,,,,,,,,,,,,,,,,,
,,,,,,,,,,,,,,,,,,,,,,,,,
,,,,,,,,,,,,,,,,,,,,,,,,,
,,,,,,,,,,,,,,,,,,,,,,,,,
,,,,,,,,,,,,,,,,,,,,,,,,,
,,,,,,,,,,,,,,,,,,,,,,,,,
,,,,,,,,,,,,,,,,,,,,,,,,,
,,,,,,,,,,,,,,,,,,,,,,,,,
,,,,,,,,,,,,,,,,,,,,,,,,,
,,,,,,,,,,,,,,,,,,,,,,,,,
,,,,,,,,,,,,,,,,,,,,,,,,,
,,,,,,,,,,,,,,,,,,,,,,,,,
,,,,,,,,,,,,,,,,,,,,,,,,,
,,,,,,,,,,,,,,,,,,,,,,,,,
,,,,,,,,,,,,,,,,,,,,,,,,,
,,,,,,,,,,,,,,,,,,,,,,,,,
,,,,,,,,,,,,,,,,,,,,,,,,,
,,,,,,,,,,,,,,,,,,,,,,,,,
,,,,,,,,,,,,,,,,,,,,,,,,,
,,,,,,,,,,,,,,,,,,,,,,,,,
,,,,,,,,,,,,,,,,,,,,,,,,,
,,,,,,,,,,,,,,,,,,,,,,,,,
,,,,,,,,,,,,,,,,,,,,,,,,,
,,,,,,,,,,,,,,,,,,,,,,,,,
,,,,,,,,,,,,,,,,,,,,,,,,,
,,,,,,,,,,,,,,,,,,,,,,,,,
,,,,,,,,,,,,,,,,,,,,,,,,,
,,,,,,,,,,,,,,,,,,,,,,,,,
,,,,,,,,,,,,,,,,,,,,,,,,,
,,,,,,,,,,,,,,,,,,,,,,,,,
,,,,,,,,,,,,,,,,,,,,,,,,,
,,,,,,,,,,,,,,,,,,,,,,,,,
,,,,,,,,,,,,,,,,,,,,,,,,,
,,,,,,,,,,,,,,,,,,,,,,,,,
,,,,,,,,,,,,,,,,,,,,,,,,,
,,,,,,,,,,,,,,,,,,,,,,,,,
,,,,,,,,,,,,,,,,,,,,,,,,,
,,,,,,,,,,,,,,,,,,,,,,,,,
,,,,,,,,,,,,,,,,,,,,,,,,,
,,,,,,,,,,,,,,,,,,,,,,,,,
,,,,,,,,,,,,,,,,,,,,,,,,,
,,,,,,,,,,,,,,,,,,,,,,,,,
,,,,,,,,,,,,,,,,,,,,,,,,,
,,,,,,,,,,,,,,,,,,,,,,,,,
,,,,,,,,,,,,,,,,,,,,,,,,,
,,,,,,,,,,,,,,,,,,,,,,,,,
,,,,,,,,,,,,,,,,,,,,,,,,,
,,,,,,,,,,,,,,,,,,,,,,,,,
,,,,,,,,,,,,,,,,,,,,,,,,,
,,,,,,,,,,,,,,,,,,,,,,,,,
,,,,,,,,,,,,,,,,,,,,,,,,,
,,,,,,,,,,,,,,,,,,,,,,,,,
,,,,,,,,,,,,,,,,,,,,,,,,,
,,,,,,,,,,,,,,,,,,,,,,,,,
,,,,,,,,,,,,,,,,,,,,,,,,,
,,,,,,,,,,,,,,,,,,,,,,,,,
,,,,,,,,,,,,,,,,,,,,,,,,,
,,,,,,,,,,,,,,,,,,,,,,,,,
,,,,,,,,,,,,,,,,,,,,,,,,,
,,,,,,,,,,,,,,,,,,,,,,,,,
,,,,,,,,,,,,,,,,,,,,,,,,,
,,,,,,,,,,,,,,,,,,,,,,,,,
,,,,,,,,,,,,,,,,,,,,,,,,,
,,,,,,,,,,,,,,,,,,,,,,,,,
,,,,,,,,,,,,,,,,,,,,,,,,,
,,,,,,,,,,,,,,,,,,,,,,,,,
,,,,,,,,,,,,,,,,,,,,,,,,,
,,,,,,,,,,,,,,,,,,,,,,,,,
,,,,,,,,,,,,,,,,,,,,,,,,,
,,,,,,,,,,,,,,,,,,,,,,,,,
,,,,,,,,,,,,,,,,,,,,,,,,,
,,,,,,,,,,,,,,,,,,,,,,,,,
,,,,,,,,,,,,,,,,,,,,,,,,,
,,,,,,,,,,,,,,,,,,,,,,,,,
,,,,,,,,,,,,,,,,,,,,,,,,,
,,,,,,,,,,,,,,,,,,,,,,,,,
,,,,,,,,,,,,,,,,,,,,,,,,,
,,,,,,,,,,,,,,,,,,,,,,,,,
,,,,,,,,,,,,,,,,,,,,,,,,,
,,,,,,,,,,,,,,,,,,,,,,,,,
,,,,,,,,,,,,,,,,,,,,,,,,,
,,,,,,,,,,,,,,,,,,,,,,,,,
,,,,,,,,,,,,,,,,,,,,,,,,,
,,,,,,,,,,,,,,,,,,,,,,,,,
,,,,,,,,,,,,,,,,,,,,,,,,,
,,,,,,,,,,,,,,,,,,,,,,,,,
,,,,,,,,,,,,,,,,,,,,,,,,,
,,,,,,,,,,,,,,,,,,,,,,,,,
,,,,,,,,,,,,,,,,,,,,,,,,,
,,,,,,,,,,,,,,,,,,,,,,,,,
,,,,,,,,,,,,,,,,,,,,,,,,,
,,,,,,,,,,,,,,,,,,,,,,,,,
,,,,,,,,,,,,,,,,,,,,,,,,,
,,,,,,,,,,,,,,,,,,,,,,,,,
,,,,,,,,,,,,,,,,,,,,,,,,,
,,,,,,,,,,,,,,,,,,,,,,,,,
,,,,,,,,,,,,,,,,,,,,,,,,,
,,,,,,,,,,,,,,,,,,,,,,,,,
,,,,,,,,,,,,,,,,,,,,,,,,,
,,,,,,,,,,,,,,,,,,,,,,,,,
,,,,,,,,,,,,,,,,,,,,,,,,,
,,,,,,,,,,,,,,,,,,,,,,,,,
,,,,,,,,,,,,,,,,,,,,,,,,,
,,,,,,,,,,,,,,,,,,,,,,,,,
,,,,,,,,,,,,,,,,,,,,,,,,,
,,,,,,,,,,,,,,,,,,,,,,,,,
,,,,,,,,,,,,,,,,,,,,,,,,,
,,,,,,,,,,,,,,,,,,,,,,,,,
,,,,,,,,,,,,,,,,,,,,,,,,,
,,,,,,,,,,,,,,,,,,,,,,,,,
,,,,,,,,,,,,,,,,,,,,,,,,,
,,,,,,,,,,,,,,,,,,,,,,,,,
,,,,,,,,,,,,,,,,,,,,,,,,,
,,,,,,,,,,,,,,,,,,,,,,,,,
,,,,,,,,,,,,,,,,,,,,,,,,,
,,,,,,,,,,,,,,,,,,,,,,,,,
,,,,,,,,,,,,,,,,,,,,,,,,,
,,,,,,,,,,,,,,,,,,,,,,,,,
,,,,,,,,,,,,,,,,,,,,,,,,,
,,,,,,,,,,,,,,,,,,,,,,,,,
,,,,,,,,,,,,,,,,,,,,,,,,,
,,,,,,,,,,,,,,,,,,,,,,,,,
,,,,,,,,,,,,,,,,,,,,,,,,,
,,,,,,,,,,,,,,,,,,,,,,,,,
,,,,,,,,,,,,,,,,,,,,,,,,,
,,,,,,,,,,,,,,,,,,,,,,,,,
,,,,,,,,,,,,,,,,,,,,,,,,,
,,,,,,,,,,,,,,,,,,,,,,,,,
,,,,,,,,,,,,,,,,,,,,,,,,,
,,,,,,,,,,,,,,,,,,,,,,,,,
,,,,,,,,,,,,,,,,,,,,,,,,,
,,,,,,,,,,,,,,,,,,,,,,,,,
,,,,,,,,,,,,,,,,,,,,,,,,,
,,,,,,,,,,,,,,,,,,,,,,,,,
,,,,,,,,,,,,,,,,,,,,,,,,,
,,,,,,,,,,,,,,,,,,,,,,,,,
,,,,,,,,,,,,,,,,,,,,,,,,,
,,,,,,,,,,,,,,,,,,,,,,,,,
,,,,,,,,,,,,,,,,,,,,,,,,,
,,,,,,,,,,,,,,,,,,,,,,,,,
,,,,,,,,,,,,,,,,,,,,,,,,,
,,,,,,,,,,,,,,,,,,,,,,,,,
,,,,,,,,,,,,,,,,,,,,,,,,,
,,,,,,,,,,,,,,,,,,,,,,,,,
,,,,,,,,,,,,,,,,,,,,,,,,,
,,,,,,,,,,,,,,,,,,,,,,,,,
,,,,,,,,,,,,,,,,,,,,,,,,,
,,,,,,,,,,,,,,,,,,,,,,,,,
,,,,,,,,,,,,,,,,,,,,,,,,,
,,,,,,,,,,,,,,,,,,,,,,,,,
,,,,,,,,,,,,,,,,,,,,,,,,,
,,,,,,,,,,,,,,,,,,,,,,,,,
,,,,,,,,,,,,,,,,,,,,,,,,,
,,,,,,,,,,,,,,,,,,,,,,,,,
,,,,,,,,,,,,,,,,,,,,,,,,,
,,,,,,,,,,,,,,,,,,,,,,,,,
,,,,,,,,,,,,,,,,,,,,,,,,,
,,,,,,,,,,,,,,,,,,,,,,,,,
,,,,,,,,,,,,,,,,,,,,,,,,,
,,,,,,,,,,,,,,,,,,,,,,,,,
,,,,,,,,,,,,,,,,,,,,,,,,,
,,,,,,,,,,,,,,,,,,,,,,,,,
,,,,,,,,,,,,,,,,,,,,,,,,,
,,,,,,,,,,,,,,,,,,,,,,,,,
,,,,,,,,,,,,,,,,,,,,,,,,,
,,,,,,,,,,,,,,,,,,,,,,,,,
,,,,,,,,,,,,,,,,,,,,,,,,,
,,,,,,,,,,,,,,,,,,,,,,,,,
,,,,,,,,,,,,,,,,,,,,,,,,,
,,,,,,,,,,,,,,,,,,,,,,,,,
,,,,,,,,,,,,,,,,,,,,,,,,,
,,,,,,,,,,,,,,,,,,,,,,,,,
,,,,,,,,,,,,,,,,,,,,,,,,,
,,,,,,,,,,,,,,,,,,,,,,,,,
,,,,,,,,,,,,,,,,,,,,,,,,,
,,,,,,,,,,,,,,,,,,,,,,,,,
,,,,,,,,,,,,,,,,,,,,,,,,,
,,,,,,,,,,,,,,,,,,,,,,,,,
,,,,,,,,,,,,,,,,,,,,,,,,,
,,,,,,,,,,,,,,,,,,,,,,,,,
,,,,,,,,,,,,,,,,,,,,,,,,,
,,,,,,,,,,,,,,,,,,,,,,,,,
,,,,,,,,,,,,,,,,,,,,,,,,,
,,,,,,,,,,,,,,,,,,,,,,,,,
,,,,,,,,,,,,,,,,,,,,,,,,,
,,,,,,,,,,,,,,,,,,,,,,,,,
,,,,,,,,,,,,,,,,,,,,,,,,,
,,,,,,,,,,,,,,,,,,,,,,,,,
,,,,,,,,,,,,,,,,,,,,,,,,,
,,,,,,,,,,,,,,,,,,,,,,,,,
,,,,,,,,,,,,,,,,,,,,,,,,,
,,,,,,,,,,,,,,,,,,,,,,,,,
,,,,,,,,,,,,,,,,,,,,,,,,,
,,,,,,,,,,,,,,,,,,,,,,,,,
,,,,,,,,,,,,,,,,,,,,,,,,,
,,,,,,,,,,,,,,,,,,,,,,,,,
,,,,,,,,,,,,,,,,,,,,,,,,,
,,,,,,,,,,,,,,,,,,,,,,,,,
,,,,,,,,,,,,,,,,,,,,,,,,,
,,,,,,,,,,,,,,,,,,,,,,,,,
,,,,,,,,,,,,,,,,,,,,,,,,,
,,,,,,,,,,,,,,,,,,,,,,,,,
,,,,,,,,,,,,,,,,,,,,,,,,,
,,,,,,,,,,,,,,,,,,,,,,,,,
,,,,,,,,,,,,,,,,,,,,,,,,,
,,,,,,,,,,,,,,,,,,,,,,,,,
,,,,,,,,,,,,,,,,,,,,,,,,,
,,,,,,,,,,,,,,,,,,,,,,,,,
,,,,,,,,,,,,,,,,,,,,,,,,,
,,,,,,,,,,,,,,,,,,,,,,,,,
,,,,,,,,,,,,,,,,,,,,,,,,,
,,,,,,,,,,,,,,,,,,,,,,,,,
,,,,,,,,,,,,,,,,,,,,,,,,,
,,,,,,,,,,,,,,,,,,,,,,,,,
,,,,,,,,,,,,,,,,,,,,,,,,,
,,,,,,,,,,,,,,,,,,,,,,,,,
,,,,,,,,,,,,,,,,,,,,,,,,,
,,,,,,,,,,,,,,,,,,,,,,,,,
,,,,,,,,,,,,,,,,,,,,,,,,,
,,,,,,,,,,,,,,,,,,,,,,,,,
,,,,,,,,,,,,,,,,,,,,,,,,,
,,,,,,,,,,,,,,,,,,,,,,,,,
,,,,,,,,,,,,,,,,,,,,,,,,,
,,,,,,,,,,,,,,,,,,,,,,,,,
,,,,,,,,,,,,,,,,,,,,,,,,,
,,,,,,,,,,,,,,,,,,,,,,,,,
,,,,,,,,,,,,,,,,,,,,,,,,,
,,,,,,,,,,,,,,,,,,,,,,,,,
,,,,,,,,,,,,,,,,,,,,,,,,,
,,,,,,,,,,,,,,,,,,,,,,,,,
,,,,,,,,,,,,,,,,,,,,,,,,,
,,,,,,,,,,,,,,,,,,,,,,,,,
,,,,,,,,,,,,,,,,,,,,,,,,,
,,,,,,,,,,,,,,,,,,,,,,,,,
,,,,,,,,,,,,,,,,,,,,,,,,,
,,,,,,,,,,,,,,,,,,,,,,,,,
,,,,,,,,,,,,,,,,,,,,,,,,,
,,,,,,,,,,,,,,,,,,,,,,,,,
,,,,,,,,,,,,,,,,,,,,,,,,,
,,,,,,,,,,,,,,,,,,,,,,,,,
,,,,,,,,,,,,,,,,,,,,,,,,,
,,,,,,,,,,,,,,,,,,,,,,,,,
,,,,,,,,,,,,,,,,,,,,,,,,,
,,,,,,,,,,,,,,,,,,,,,,,,,
,,,,,,,,,,,,,,,,,,,,,,,,,
,,,,,,,,,,,,,,,,,,,,,,,,,
,,,,,,,,,,,,,,,,,,,,,,,,,
,,,,,,,,,,,,,,,,,,,,,,,,,
,,,,,,,,,,,,,,,,,,,,,,,,,
,,,,,,,,,,,,,,,,,,,,,,,,,
,,,,,,,,,,,,,,,,,,,,,,,,,
,,,,,,,,,,,,,,,,,,,,,,,,,
,,,,,,,,,,,,,,,,,,,,,,,,,
,,,,,,,,,,,,,,,,,,,,,,,,,
,,,,,,,,,,,,,,,,,,,,,,,,,
,,,,,,,,,,,,,,,,,,,,,,,,,
,,,,,,,,,,,,,,,,,,,,,,,,,
,,,,,,,,,,,,,,,,,,,,,,,,,
,,,,,,,,,,,,,,,,,,,,,,,,,
,,,,,,,,,,,,,,,,,,,,,,,,,
,,,,,,,,,,,,,,,,,,,,,,,,,
,,,,,,,,,,,,,,,,,,,,,,,,,
,,,,,,,,,,,,,,,,,,,,,,,,,
,,,,,,,,,,,,,,,,,,,,,,,,,
,,,,,,,,,,,,,,,,,,,,,,,,,
,,,,,,,,,,,,,,,,,,,,,,,,,
,,,,,,,,,,,,,,,,,,,,,,,,,
,,,,,,,,,,,,,,,,,,,,,,,,,
,,,,,,,,,,,,,,,,,,,,,,,,,
,,,,,,,,,,,,,,,,,,,,,,,,,
,,,,,,,,,,,,,,,,,,,,,,,,,
,,,,,,,,,,,,,,,,,,,,,,,,,
,,,,,,,,,,,,,,,,,,,,,,,,,
,,,,,,,,,,,,,,,,,,,,,,,,,
,,,,,,,,,,,,,,,,,,,,,,,,,
,,,,,,,,,,,,,,,,,,,,,,,,,
,,,,,,,,,,,,,,,,,,,,,,,,,
,,,,,,,,,,,,,,,,,,,,,,,,,
,,,,,,,,,,,,,,,,,,,,,,,,,
,,,,,,,,,,,,,,,,,,,,,,,,,
,,,,,,,,,,,,,,,,,,,,,,,,,
,,,,,,,,,,,,,,,,,,,,,,,,,
,,,,,,,,,,,,,,,,,,,,,,,,,
,,,,,,,,,,,,,,,,,,,,,,,,,
,,,,,,,,,,,,,,,,,,,,,,,,,
,,,,,,,,,,,,,,,,,,,,,,,,,
,,,,,,,,,,,,,,,,,,,,,,,,,
,,,,,,,,,,,,,,,,,,,,,,,,,
,,,,,,,,,,,,,,,,,,,,,,,,,
,,,,,,,,,,,,,,,,,,,,,,,,,
,,,,,,,,,,,,,,,,,,,,,,,,,
,,,,,,,,,,,,,,,,,,,,,,,,,
,,,,,,,,,,,,,,,,,,,,,,,,,
,,,,,,,,,,,,,,,,,,,,,,,,,
,,,,,,,,,,,,,,,,,,,,,,,,,
,,,,,,,,,,,,,,,,,,,,,,,,,
,,,,,,,,,,,,,,,,,,,,,,,,,
,,,,,,,,,,,,,,,,,,,,,,,,,
,,,,,,,,,,,,,,,,,,,,,,,,,
,,,,,,,,,,,,,,,,,,,,,,,,,
,,,,,,,,,,,,,,,,,,,,,,,,,
,,,,,,,,,,,,,,,,,,,,,,,,,
,,,,,,,,,,,,,,,,,,,,,,,,,
,,,,,,,,,,,,,,,,,,,,,,,,,
,,,,,,,,,,,,,,,,,,,,,,,,,
,,,,,,,,,,,,,,,,,,,,,,,,,
,,,,,,,,,,,,,,,,,,,,,,,,,
,,,,,,,,,,,,,,,,,,,,,,,,,
,,,,,,,,,,,,,,,,,,,,,,,,,
,,,,,,,,,,,,,,,,,,,,,,,,,
,,,,,,,,,,,,,,,,,,,,,,,,,
,,,,,,,,,,,,,,,,,,,,,,,,,
,,,,,,,,,,,,,,,,,,,,,,,,,
,,,,,,,,,,,,,,,,,,,,,,,,,
,,,,,,,,,,,,,,,,,,,,,,,,,
,,,,,,,,,,,,,,,,,,,,,,,,,
,,,,,,,,,,,,,,,,,,,,,,,,,
,,,,,,,,,,,,,,,,,,,,,,,,,
,,,,,,,,,,,,,,,,,,,,,,,,,
,,,,,,,,,,,,,,,,,,,,,,,,,
,,,,,,,,,,,,,,,,,,,,,,,,,
,,,,,,,,,,,,,,,,,,,,,,,,,
,,,,,,,,,,,,,,,,,,,,,,,,,
,,,,,,,,,,,,,,,,,,,,,,,,,
,,,,,,,,,,,,,,,,,,,,,,,,,
,,,,,,,,,,,,,,,,,,,,,,,,,
,,,,,,,,,,,,,,,,,,,,,,,,,
,,,,,,,,,,,,,,,,,,,,,,,,,
,,,,,,,,,,,,,,,,,,,,,,,,,
,,,,,,,,,,,,,,,,,,,,,,,,,
,,,,,,,,,,,,,,,,,,,,,,,,,
,,,,,,,,,,,,,,,,,,,,,,,,,
,,,,,,,,,,,,,,,,,,,,,,,,,
,,,,,,,,,,,,,,,,,,,,,,,,,
,,,,,,,,,,,,,,,,,,,,,,,,,
,,,,,,,,,,,,,,,,,,,,,,,,,
,,,,,,,,,,,,,,,,,,,,,,,,,
,,,,,,,,,,,,,,,,,,,,,,,,,
,,,,,,,,,,,,,,,,,,,,,,,,,
,,,,,,,,,,,,,,,,,,,,,,,,,
,,,,,,,,,,,,,,,,,,,,,,,,,
,,,,,,,,,,,,,,,,,,,,,,,,,
,,,,,,,,,,,,,,,,,,,,,,,,,
,,,,,,,,,,,,,,,,,,,,,,,,,
,,,,,,,,,,,,,,,,,,,,,,,,,
,,,,,,,,,,,,,,,,,,,,,,,,,
,,,,,,,,,,,,,,,,,,,,,,,,,
,,,,,,,,,,,,,,,,,,,,,,,,,
,,,,,,,,,,,,,,,,,,,,,,,,,
,,,,,,,,,,,,,,,,,,,,,,,,,
,,,,,,,,,,,,,,,,,,,,,,,,,
,,,,,,,,,,,,,,,,,,,,,,,,,
,,,,,,,,,,,,,,,,,,,,,,,,,
,,,,,,,,,,,,,,,,,,,,,,,,,
,,,,,,,,,,,,,,,,,,,,,,,,,
,,,,,,,,,,,,,,,,,,,,,,,,,
,,,,,,,,,,,,,,,,,,,,,,,,,
,,,,,,,,,,,,,,,,,,,,,,,,,
,,,,,,,,,,,,,,,,,,,,,,,,,
,,,,,,,,,,,,,,,,,,,,,,,,,
,,,,,,,,,,,,,,,,,,,,,,,,,
,,,,,,,,,,,,,,,,,,,,,,,,,
,,,,,,,,,,,,,,,,,,,,,,,,,
,,,,,,,,,,,,,,,,,,,,,,,,,
,,,,,,,,,,,,,,,,,,,,,,,,,
,,,,,,,,,,,,,,,,,,,,,,,,,
,,,,,,,,,,,,,,,,,,,,,,,,,
,,,,,,,,,,,,,,,,,,,,,,,,,
,,,,,,,,,,,,,,,,,,,,,,,,,
,,,,,,,,,,,,,,,,,,,,,,,,,
,,,,,,,,,,,,,,,,,,,,,,,,,
,,,,,,,,,,,,,,,,,,,,,,,,,
,,,,,,,,,,,,,,,,,,,,,,,,,
,,,,,,,,,,,,,,,,,,,,,,,,,
,,,,,,,,,,,,,,,,,,,,,,,,,
,,,,,,,,,,,,,,,,,,,,,,,,,
,,,,,,,,,,,,,,,,,,,,,,,,,
,,,,,,,,,,,,,,,,,,,,,,,,,
,,,,,,,,,,,,,,,,,,,,,,,,,
,,,,,,,,,,,,,,,,,,,,,,,,,
,,,,,,,,,,,,,,,,,,,,,,,,,
,,,,,,,,,,,,,,,,,,,,,,,,,
,,,,,,,,,,,,,,,,,,,,,,,,,
,,,,,,,,,,,,,,,,,,,,,,,,,
,,,,,,,,,,,,,,,,,,,,,,,,,
,,,,,,,,,,,,,,,,,,,,,,,,,
,,,,,,,,,,,,,,,,,,,,,,,,,
,,,,,,,,,,,,,,,,,,,,,,,,,
,,,,,,,,,,,,,,,,,,,,,,,,,
,,,,,,,,,,,,,,,,,,,,,,,,,
,,,,,,,,,,,,,,,,,,,,,,,,,
,,,,,,,,,,,,,,,,,,,,,,,,,
,,,,,,,,,,,,,,,,,,,,,,,,,
,,,,,,,,,,,,,,,,,,,,,,,,,
,,,,,,,,,,,,,,,,,,,,,,,,,
,,,,,,,,,,,,,,,,,,,,,,,,,
,,,,,,,,,,,,,,,,,,,,,,,,,
,,,,,,,,,,,,,,,,,,,,,,,,,
,,,,,,,,,,,,,,,,,,,,,,,,,
,,,,,,,,,,,,,,,,,,,,,,,,,
,,,,,,,,,,,,,,,,,,,,,,,,,
,,,,,,,,,,,,,,,,,,,,,,,,,
,,,,,,,,,,,,,,,,,,,,,,,,,
,,,,,,,,,,,,,,,,,,,,,,,,,
,,,,,,,,,,,,,,,,,,,,,,,,,
,,,,,,,,,,,,,,,,,,,,,,,,,
,,,,,,,,,,,,,,,,,,,,,,,,,
,,,,,,,,,,,,,,,,,,,,,,,,,
,,,,,,,,,,,,,,,,,,,,,,,,,
,,,,,,,,,,,,,,,,,,,,,,,,,
,,,,,,,,,,,,,,,,,,,,,,,,,
,,,,,,,,,,,,,,,,,,,,,,,,,
,,,,,,,,,,,,,,,,,,,,,,,,,
,,,,,,,,,,,,,,,,,,,,,,,,,
,,,,,,,,,,,,,,,,,,,,,,,,,
,,,,,,,,,,,,,,,,,,,,,,,,,
,,,,,,,,,,,,,,,,,,,,,,,,,
,,,,,,,,,,,,,,,,,,,,,,,,,
,,,,,,,,,,,,,,,,,,,,,,,,,
,,,,,,,,,,,,,,,,,,,,,,,,,
,,,,,,,,,,,,,,,,,,,,,,,,,
,,,,,,,,,,,,,,,,,,,,,,,,,
,,,,,,,,,,,,,,,,,,,,,,,,,
,,,,,,,,,,,,,,,,,,,,,,,,,
,,,,,,,,,,,,,,,,,,,,,,,,,
,,,,,,,,,,,,,,,,,,,,,,,,,
,,,,,,,,,,,,,,,,,,,,,,,,,
,,,,,,,,,,,,,,,,,,,,,,,,,
,,,,,,,,,,,,,,,,,,,,,,,,,
,,,,,,,,,,,,,,,,,,,,,,,,,
,,,,,,,,,,,,,,,,,,,,,,,,,
,,,,,,,,,,,,,,,,,,,,,,,,,
,,,,,,,,,,,,,,,,,,,,,,,,,
,,,,,,,,,,,,,,,,,,,,,,,,,
,,,,,,,,,,,,,,,,,,,,,,,,,
,,,,,,,,,,,,,,,,,,,,,,,,,
,,,,,,,,,,,,,,,,,,,,,,,,,
,,,,,,,,,,,,,,,,,,,,,,,,,
,,,,,,,,,,,,,,,,,,,,,,,,,
,,,,,,,,,,,,,,,,,,,,,,,,,
,,,,,,,,,,,,,,,,,,,,,,,,,
,,,,,,,,,,,,,,,,,,,,,,,,,
,,,,,,,,,,,,,,,,,,,,,,,,,
,,,,,,,,,,,,,,,,,,,,,,,,,
,,,,,,,,,,,,,,,,,,,,,,,,,
,,,,,,,,,,,,,,,,,,,,,,,,,
,,,,,,,,,,,,,,,,,,,,,,,,,
,,,,,,,,,,,,,,,,,,,,,,,,,
,,,,,,,,,,,,,,,,,,,,,,,,,
,,,,,,,,,,,,,,,,,,,,,,,,,
,,,,,,,,,,,,,,,,,,,,,,,,,
,,,,,,,,,,,,,,,,,,,,,,,,,
,,,,,,,,,,,,,,,,,,,,,,,,,
,,,,,,,,,,,,,,,,,,,,,,,,,
,,,,,,,,,,,,,,,,,,,,,,,,,
,,,,,,,,,,,,,,,,,,,,,,,,,
,,,,,,,,,,,,,,,,,,,,,,,,,
,,,,,,,,,,,,,,,,,,,,,,,,,
,,,,,,,,,,,,,,,,,,,,,,,,,
,,,,,,,,,,,,,,,,,,,,,,,,,
,,,,,,,,,,,,,,,,,,,,,,,,,
,,,,,,,,,,,,,,,,,,,,,,,,,
,,,,,,,,,,,,,,,,,,,,,,,,,
,,,,,,,,,,,,,,,,,,,,,,,,,
,,,,,,,,,,,,,,,,,,,,,,,,,
,,,,,,,,,,,,,,,,,,,,,,,,,
,,,,,,,,,,,,,,,,,,,,,,,,,
,,,,,,,,,,,,,,,,,,,,,,,,,
,,,,,,,,,,,,,,,,,,,,,,,,,
,,,,,,,,,,,,,,,,,,,,,,,,,
,,,,,,,,,,,,,,,,,,,,,,,,,
,,,,,,,,,,,,,,,,,,,,,,,,,
,,,,,,,,,,,,,,,,,,,,,,,,,
,,,,,,,,,,,,,,,,,,,,,,,,,
,,,,,,,,,,,,,,,,,,,,,,,,,
,,,,,,,,,,,,,,,,,,,,,,,,,
,,,,,,,,,,,,,,,,,,,,,,,,,
,,,,,,,,,,,,,,,,,,,,,,,,,
,,,,,,,,,,,,,,,,,,,,,,,,,
,,,,,,,,,,,,,,,,,,,,,,,,,
,,,,,,,,,,,,,,,,,,,,,,,,,
,,,,,,,,,,,,,,,,,,,,,,,,,
,,,,,,,,,,,,,,,,,,,,,,,,,
,,,,,,,,,,,,,,,,,,,,,,,,,
,,,,,,,,,,,,,,,,,,,,,,,,,
,,,,,,,,,,,,,,,,,,,,,,,,,
,,,,,,,,,,,,,,,,,,,,,,,,,
,,,,,,,,,,,,,,,,,,,,,,,,,
,,,,,,,,,,,,,,,,,,,,,,,,,
,,,,,,,,,,,,,,,,,,,,,,,,,
,,,,,,,,,,,,,,,,,,,,,,,,,
,,,,,,,,,,,,,,,,,,,,,,,,,
,,,,,,,,,,,,,,,,,,,,,,,,,
,,,,,,,,,,,,,,,,,,,,,,,,,
,,,,,,,,,,,,,,,,,,,,,,,,,
,,,,,,,,,,,,,,,,,,,,,,,,,
,,,,,,,,,,,,,,,,,,,,,,,,,
,,,,,,,,,,,,,,,,,,,,,,,,,
,,,,,,,,,,,,,,,,,,,,,,,,,
,,,,,,,,,,,,,,,,,,,,,,,,,
,,,,,,,,,,,,,,,,,,,,,,,,,
,,,,,,,,,,,,,,,,,,,,,,,,,
,,,,,,,,,,,,,,,,,,,,,,,,,
,,,,,,,,,,,,,,,,,,,,,,,,,
,,,,,,,,,,,,,,,,,,,,,,,,,
,,,,,,,,,,,,,,,,,,,,,,,,,
,,,,,,,,,,,,,,,,,,,,,,,,,
,,,,,,,,,,,,,,,,,,,,,,,,,
,,,,,,,,,,,,,,,,,,,,,,,,,
,,,,,,,,,,,,,,,,,,,,,,,,,
,,,,,,,,,,,,,,,,,,,,,,,,,
,,,,,,,,,,,,,,,,,,,,,,,,,
,,,,,,,,,,,,,,,,,,,,,,,,,
,,,,,,,,,,,,,,,,,,,,,,,,,
,,,,,,,,,,,,,,,,,,,,,,,,,
,,,,,,,,,,,,,,,,,,,,,,,,,
,,,,,,,,,,,,,,,,,,,,,,,,,
,,,,,,,,,,,,,,,,,,,,,,,,,
,,,,,,,,,,,,,,,,,,,,,,,,,
,,,,,,,,,,,,,,,,,,,,,,,,,
,,,,,,,,,,,,,,,,,,,,,,,,,
,,,,,,,,,,,,,,,,,,,,,,,,,
,,,,,,,,,,,,,,,,,,,,,,,,,
,,,,,,,,,,,,,,,,,,,,,,,,,
,,,,,,,,,,,,,,,,,,,,,,,,,
,,,,,,,,,,,,,,,,,,,,,,,,,
,,,,,,,,,,,,,,,,,,,,,,,,,
,,,,,,,,,,,,,,,,,,,,,,,,,
,,,,,,,,,,,,,,,,,,,,,,,,,
,,,,,,,,,,,,,,,,,,,,,,,,,
,,,,,,,,,,,,,,,,,,,,,,,,,
,,,,,,,,,,,,,,,,,,,,,,,,,
,,,,,,,,,,,,,,,,,,,,,,,,,
,,,,,,,,,,,,,,,,,,,,,,,,,
,,,,,,,,,,,,,,,,,,,,,,,,,
,,,,,,,,,,,,,,,,,,,,,,,,,
,,,,,,,,,,,,,,,,,,,,,,,,,
,,,,,,,,,,,,,,,,,,,,,,,,,
,,,,,,,,,,,,,,,,,,,,,,,,,
,,,,,,,,,,,,,,,,,,,,,,,,,
,,,,,,,,,,,,,,,,,,,,,,,,,
,,,,,,,,,,,,,,,,,,,,,,,,,
,,,,,,,,,,,,,,,,,,,,,,,,,
,,,,,,,,,,,,,,,,,,,,,,,,,
,,,,,,,,,,,,,,,,,,,,,,,,,
,,,,,,,,,,,,,,,,,,,,,,,,,
,,,,,,,,,,,,,,,,,,,,,,,,,
,,,,,,,,,,,,,,,,,,,,,,,,,
,,,,,,,,,,,,,,,,,,,,,,,,,
,,,,,,,,,,,,,,,,,,,,,,,,,
,,,,,,,,,,,,,,,,,,,,,,,,,
,,,,,,,,,,,,,,,,,,,,,,,,,
,,,,,,,,,,,,,,,,,,,,,,,,,
,,,,,,,,,,,,,,,,,,,,,,,,,
,,,,,,,,,,,,,,,,,,,,,,,,,
,,,,,,,,,,,,,,,,,,,,,,,,,
,,,,,,,,,,,,,,,,,,,,,,,,,
,,,,,,,,,,,,,,,,,,,,,,,,,
,,,,,,,,,,,,,,,,,,,,,,,,,
,,,,,,,,,,,,,,,,,,,,,,,,,
,,,,,,,,,,,,,,,,,,,,,,,,,
,,,,,,,,,,,,,,,,,,,,,,,,,
,,,,,,,,,,,,,,,,,,,,,,,,,
,,,,,,,,,,,,,,,,,,,,,,,,,
,,,,,,,,,,,,,,,,,,,,,,,,,
,,,,,,,,,,,,,,,,,,,,,,,,,
,,,,,,,,,,,,,,,,,,,,,,,,,
,,,,,,,,,,,,,,,,,,,,,,,,,
,,,,,,,,,,,,,,,,,,,,,,,,,
,,,,,,,,,,,,,,,,,,,,,,,,,
,,,,,,,,,,,,,,,,,,,,,,,,,
,,,,,,,,,,,,,,,,,,,,,,,,,
,,,,,,,,,,,,,,,,,,,,,,,,,
,,,,,,,,,,,,,,,,,,,,,,,,,
,,,,,,,,,,,,,,,,,,,,,,,,,
,,,,,,,,,,,,,,,,,,,,,,,,,
,,,,,,,,,,,,,,,,,,,,,,,,,
,,,,,,,,,,,,,,,,,,,,,,,,,
,,,,,,,,,,,,,,,,,,,,,,,,,
,,,,,,,,,,,,,,,,,,,,,,,,,
,,,,,,,,,,,,,,,,,,,,,,,,,
,,,,,,,,,,,,,,,,,,,,,,,,,
,,,,,,,,,,,,,,,,,,,,,,,,,
,,,,,,,,,,,,,,,,,,,,,,,,,
,,,,,,,,,,,,,,,,,,,,,,,,,
,,,,,,,,,,,,,,,,,,,,,,,,,